Participant,Experiment_Duration,Date_OSF,Date,Time,Browser,Mobile,Platform,Screen_Width,Screen_Height,Gender,Age,Education,Discipline,Student,Ethnicity,Country,Condition,Video1_Duration,Video2_Duration,Video_Order,BHS_Duration,BHS_1,BHS_2,BHS_3,BHS_4,BHS_5,BHS_6,BHS_7,AttentionCheck_3,BHS_8,BHS_9,BHS_10,BHS_11,BHS_12,BHS_13,BHS_14,BHS_15,BHS_16,BHS_17,BHS_18,BHS_19,BHS_20,RRS_Duration,RRS_1,RRS_2,RRS_3,RRS_4,RRS_5,RRS_6,RRS_7,RRS_8,RRS_9,RRS_10,RRS_11,RRS_12,RRS_13,RRS_14,RRS_15,AttentionCheck_1,RRS_16,RRS_17,RRS_18,RRS_19,RRS_20,RRS_21,RRS_22,IAS_Duration,IAS_1,IAS_20,IAS_11,IAS_2,IAS_13,IAS_21,IAS_17,IAS_9,IAS_8,IAS_7,IAS_6,IAS_10,IAS_15,IAS_18,IAS_12,IAS_16,IAS_5,IAS_19,IAS_14,IAS_4,IAS_3,AttentionCheck_2,RRS2_Duration,RRSS_1,RRSS_2,RRSS_3,RRSS_4,RRSS_5,RRSS_6,RRSS_7,RRSS_8,RRSS_9,RRSS_10,Awe_Duration,AWE_1,AWE_2,AWE_3,AWE_4,AWE_5,AWE_6,AWE_7,AWE_8,AWE_9,AWE_10,AWE_11,AWE_12,AWE_13,AWE_14,AWE_15,AWE_16,AWE_17,AWE_18,AWE_19,AttentionCheck_4,AWE_20,AWE_21,AWE_22,AWE_23,AWE_24,AWE_25,AWE_26,AWE_27,AWE_28,AWE_29,AWE_30,STS_Duration,STS_1,STS_2,STS_3,AttentionCheck_5,STS_4,STS_5,STS_6,STS_7,STS_8,STS_9,STS_10,STS_11,STS_12,STS_13,STS_14,STS_15,Discipline-Comment
7k5ua7mvws,37.870266666666666,2024-07-03 16:08:42.478342+00:00,03/07/2024,16:30:46,chrome,False,Windows 10,1600.0,765.0,Female,41,Bachelor,"Business, Economics",False,South Asian,UK,Entertainment,5.224366666666667,5.357966666666667,pys47zaxZ90 - CizwH_T7pjg,2.4419666666666666,TRUE,FALSE,TRUE,FALSE,TRUE,TRUE,FALSE,FALSE,FALSE,FALSE,TRUE,FALSE,FALSE,TRUE,FALSE,TRUE,FALSE,FALSE,FALSE,TRUE,FALSE,3.1874833333333332,1.0,1.0,2.0,2.0,2.0,1.0,2.0,1.0,1.0,2.0,2.0,1.0,2.0,1.0,2.0,1.0,2.0,2.0,2.0,2.0,2.0,2.0,2.0,3.9913233333331837,0.78,0.79,0.78,0.77,0.75,0.75,0.81,0.78,0.77,0.74,0.75,0.75,0.78,0.5,0.75,0,0.87,0.79,0.69,0.79,0.75,0.25,0.9081666666666667,2.0,2.0,2.0,1.0,1.0,2.0,2.0,2.0,2.0,2.0,4.01675,1.0,1.0,1.0,1.0,1.0,1.0,1.0,1.0,1.0,1.0,4.0,4.0,4.0,4.0,4.0,4.0,1.0,1.0,1.0,4.0,1.0,1.0,1.0,1.0,1.0,1.0,1.0,1.0,1.0,1.0,1.0,2.1816666666666666,4.0,3.0,2.0,3.0,3.0,3.0,3.0,3.0,3.0,3.0,3.0,3.0,4.0,3.0,3.0,2.0,
pfza7ouvyn,69.20963333333334,2024-07-03 15:42:57.892967+00:00,03/07/2024,15:34:32,chrome,False,Windows 10,1920.0,945.0,Male,23,Bachelor,other,True,South Asian,UK,Entertainment,24.928083333333333,34.773133333333334,pys47zaxZ90 - CizwH_T7pjg,1.01505,FALSE,TRUE,FALSE,TRUE,FALSE,FALSE,TRUE,FALSE,FALSE,TRUE,TRUE,TRUE,TRUE,FALSE,TRUE,FALSE,TRUE,TRUE,TRUE,FALSE,TRUE,1.1968333333333334,3.0,2.0,2.0,2.0,4.0,3.0,4.0,3.0,3.0,3.0,4.0,4.0,4.0,3.0,2.0,1.0,4.0,4.0,4.0,4.0,4.0,4.0,4.0,2.6035383333332835,1,1,1,1,1,1,1,0.98,0.35,1,1,0.73,1,0.21,1,0.24,1,1,0.99,1,0.99,1,0.4639833333333333,4.0,4.0,4.0,4.0,4.0,4.0,3.0,4.0,4.0,4.0,1.8465166666666666,4.0,4.0,4.0,4.0,4.0,4.0,4.0,4.0,4.0,4.0,4.0,4.0,4.0,4.0,4.0,4.0,3.0,3.0,4.0,4.0,3.0,2.0,1.0,1.0,1.0,1.0,1.0,1.0,1.0,1.0,1.0,1.5321,2.0,2.0,2.0,3.0,2.0,2.0,2.0,2.0,3.0,2.0,2.0,4.0,4.0,3.0,2.0,3.0,Criminology
3vctezudzo,37.946616666666664,2024-07-03 15:28:06.825087+00:00,03/07/2024,15:49:54,firefox,False,Windows 10,1920.0,955.0,Female,32,High school,,False,Mixed,England,Entertainment,8.6274,5.29725,pys47zaxZ90 - CizwH_T7pjg,3.1622333333333335,TRUE,FALSE,TRUE,FALSE,FALSE,FALSE,FALSE,FALSE,FALSE,FALSE,TRUE,FALSE,FALSE,TRUE,TRUE,FALSE,FALSE,FALSE,FALSE,TRUE,FALSE,3.4123,3.0,3.0,2.0,2.0,4.0,3.0,4.0,3.0,4.0,3.0,4.0,1.0,3.0,3.0,2.0,1.0,4.0,4.0,4.0,4.0,4.0,4.0,4.0,5.824183333333334,0.8,0.24,0.98,0.68,0.62,0.2,0.78,0.81,0.71,0.78,0.66,0.56,0.44,0.02,0.88,0.35,0.82,0.81,0.68,0.58,0.59,0.08,1.0779500000000002,4.0,4.0,3.0,4.0,1.0,3.0,2.0,3.0,4.0,4.0,6.2999833333333335,5.0,4.0,4.0,3.0,5.0,4.0,5.0,5.0,5.0,4.0,4.0,4.0,4.0,6.0,3.0,2.0,4.0,2.0,6.0,4.0,4.0,1.0,3.0,1.0,2.0,2.0,5.0,4.0,5.0,5.0,5.0,2.1971833333333333,4.0,3.0,4.0,3.0,2.0,3.0,3.0,4.0,4.0,3.0,4.0,4.0,3.0,3.0,2.0,3.0,
k1hhocwf5x,29.866,2024-07-03 15:17:28.216948+00:00,03/07/2024,15:47:28,edge-chromium,False,Windows 10,1358.0,646.0,Female,42,Bachelor,other,False,Black,Britain,Entertainment,5.3062000000000005,6.065033333333333,pys47zaxZ90 - CizwH_T7pjg,3.2376333333333336,TRUE,FALSE,FALSE,TRUE,TRUE,TRUE,TRUE,FALSE,TRUE,TRUE,FALSE,FALSE,FALSE,TRUE,TRUE,FALSE,FALSE,FALSE,TRUE,TRUE,FALSE,2.8577833333333333,4.0,4.0,4.0,4.0,4.0,4.0,4.0,4.0,3.0,3.0,4.0,4.0,4.0,4.0,4.0,4.0,4.0,4.0,4.0,4.0,4.0,4.0,4.0,1.7090799999992052,0.96,0.5,0.97,0.96,0.97,0.97,0.96,0.96,0.99,0.95,0.94,0.96,0.95,0.37,0.97,0.16,1,0.95,0.97,0.96,0.96,0.96,1.1939333333333333,4.0,4.0,4.0,4.0,1.0,4.0,4.0,4.0,4.0,4.0,5.091466666666666,6.0,6.0,7.0,6.0,7.0,6.0,6.0,6.0,6.0,7.0,6.0,6.0,6.0,6.0,5.0,5.0,5.0,5.0,5.0,4.0,7.0,6.0,6.0,6.0,6.0,7.0,5.0,1.0,1.0,5.0,5.0,2.9894166666666666,3.0,4.0,1.0,3.0,2.0,2.0,3.0,3.0,3.0,3.0,3.0,4.0,4.0,2.0,2.0,4.0,nursing
u96lnq3axb,23.359883333333336,2024-07-03 15:14:31.709209+00:00,03/07/2024,15:51:04,chrome,False,Windows 10,1280.0,585.0,Female,32,Bachelor,"Biology, Chemistry, Physics",False,Black,united kingdom,Entertainment,4.463116666666666,4.608733333333333,CizwH_T7pjg - pys47zaxZ90,2.3631499999999996,TRUE,FALSE,TRUE,TRUE,TRUE,TRUE,FALSE,FALSE,TRUE,FALSE,TRUE,FALSE,FALSE,TRUE,TRUE,TRUE,FALSE,FALSE,FALSE,TRUE,FALSE,2.5628666666666664,2.0,2.0,3.0,3.0,3.0,1.0,3.0,2.0,1.0,2.0,4.0,4.0,4.0,2.0,1.0,1.0,4.0,2.0,2.0,2.0,2.0,4.0,2.0,1.685481666668256,0.69,0.7,1,1,1,0.93,1,1,0.94,0.58,1,0.88,1,0.41,1,0.43,1,1,0.94,1,0.85,0.5,1.1509666666666667,2.0,3.0,4.0,4.0,4.0,4.0,1.0,2.0,2.0,4.0,3.1417333333333333,5.0,4.0,1.0,1.0,5.0,1.0,1.0,1.0,1.0,1.0,1.0,2.0,5.0,5.0,4.0,4.0,4.0,4.0,4.0,4.0,3.0,5.0,7.0,3.0,1.0,1.0,5.0,5.0,5.0,5.0,6.0,2.0335666666666667,3.0,4.0,2.0,3.0,3.0,4.0,4.0,4.0,3.0,4.0,3.0,4.0,4.0,4.0,4.0,3.0,
qpzq6tdbx4,39.84238333333334,2024-07-03 15:13:30.476162+00:00,03/07/2024,15:33:30,chrome,False,Windows 10,1536.0,730.0,Male,23,Bachelor,"Biology, Chemistry, Physics",True,Black,England,Entertainment,6.1591,10.9409,pys47zaxZ90 - CizwH_T7pjg,1.9007666666666667,FALSE,TRUE,FALSE,TRUE,FALSE,FALSE,TRUE,FALSE,FALSE,TRUE,FALSE,TRUE,TRUE,FALSE,TRUE,FALSE,TRUE,TRUE,TRUE,FALSE,TRUE,3.0132166666666667,2.0,3.0,4.0,4.0,3.0,4.0,4.0,3.0,4.0,4.0,3.0,1.0,3.0,3.0,3.0,1.0,3.0,2.0,3.0,2.0,4.0,3.0,3.0,2.341968333333234,0.14,0.12,0.11,0.17,0.86,0.84,0.98,0.15,0.28,0.75,0.94,0.08,0.82,0.04,1,0.14,0.94,0.07,0.3,0.3,0.21,0,1.1063666666666667,3.0,3.0,3.0,2.0,1.0,3.0,4.0,3.0,3.0,2.0,2.623283333333333,4.0,3.0,5.0,5.0,5.0,3.0,5.0,5.0,5.0,3.0,4.0,4.0,2.0,5.0,3.0,3.0,3.0,4.0,3.0,4.0,6.0,1.0,1.0,2.0,3.0,2.0,4.0,4.0,4.0,5.0,5.0,10.779683333333333,3.0,2.0,4.0,3.0,2.0,3.0,2.0,3.0,2.0,2.0,2.0,4.0,3.0,2.0,2.0,2.0,
kg9x6o8s0n,37.48111666666667,2024-07-03 15:07:43.097646+00:00,03/07/2024,15:30:01,crios,True,iOS,1038.0,1781.0,Male,32,Bachelor,"Engineering, Computer Science",True,Black,,Entertainment,9.386,6.059033333333333,pys47zaxZ90 - CizwH_T7pjg,2.217633333333333,FALSE,FALSE,TRUE,FALSE,TRUE,TRUE,FALSE,FALSE,FALSE,FALSE,TRUE,FALSE,FALSE,TRUE,FALSE,TRUE,FALSE,FALSE,FALSE,TRUE,FALSE,3.3453999999999997,2.0,2.0,2.0,2.0,1.0,2.0,3.0,1.0,2.0,2.0,1.0,1.0,2.0,2.0,1.0,1.0,2.0,2.0,2.0,2.0,1.0,2.0,1.0,2.9598,1,0.24,1,1,1,0.5,1,0.77,0.5,1,1,1,1,0,1,0,1,1,1,1,1,0.73,1.7350833333333333,2.0,2.0,2.0,2.0,1.0,2.0,1.0,2.0,1.0,2.0,3.92165,5.0,3.0,3.0,5.0,5.0,1.0,1.0,1.0,1.0,1.0,1.0,6.0,4.0,7.0,6.0,4.0,3.0,4.0,1.0,4.0,4.0,6.0,5.0,4.0,5.0,3.0,1.0,1.0,1.0,1.0,6.0,1.9954500000000002,4.0,4.0,4.0,3.0,3.0,4.0,3.0,4.0,3.0,4.0,4.0,4.0,4.0,4.0,3.0,2.0,
7dj2umr39l,25.64851666666667,2024-07-03 15:03:35.404485+00:00,03/07/2024,15:38:07,chrome,False,Windows 10,1366.0,641.0,Female,51,High school,,False,White,ENGLAND,Entertainment,6.0994,5.369383333333333,pys47zaxZ90 - CizwH_T7pjg,1.9887333333333332,TRUE,FALSE,TRUE,FALSE,FALSE,TRUE,FALSE,FALSE,TRUE,FALSE,TRUE,FALSE,FALSE,TRUE,FALSE,TRUE,FALSE,FALSE,FALSE,TRUE,FALSE,2.4581833333333334,1.0,1.0,3.0,3.0,1.0,1.0,1.0,1.0,2.0,1.0,1.0,1.0,2.0,2.0,2.0,1.0,1.0,1.0,1.0,1.0,1.0,1.0,1.0,1.7324483333349225,1,1,1,1,0.96,1,1,0.96,0.96,1,0.94,0.9,1,0.94,1,0.13,1,1,0.96,1,0.97,1,1.0671333333333335,1.0,1.0,1.0,1.0,1.0,2.0,2.0,1.0,1.0,1.0,3.991233333333333,2.0,1.0,1.0,1.0,1.0,1.0,5.0,1.0,1.0,1.0,1.0,1.0,1.0,1.0,1.0,1.0,1.0,1.0,1.0,4.0,1.0,1.0,1.0,1.0,1.0,1.0,1.0,4.0,1.0,1.0,1.0,1.93705,4.0,2.0,1.0,3.0,3.0,1.0,4.0,1.0,4.0,4.0,2.0,3.0,2.0,4.0,4.0,1.0,
ovwsalhcm5,28.009666666666664,2024-07-03 15:02:59.887463+00:00,03/07/2024,15:34:55,chrome,False,Windows 10,1920.0,911.0,Female,56,Bachelor,"Mathematics, Physics",False,White,United Kingdom,Entertainment,6.7894,11.2556,pys47zaxZ90 - CizwH_T7pjg,1.4088500000000002,TRUE,FALSE,TRUE,TRUE,FALSE,FALSE,FALSE,FALSE,FALSE,TRUE,FALSE,FALSE,TRUE,TRUE,TRUE,TRUE,TRUE,TRUE,TRUE,FALSE,TRUE,1.6787333333333334,2.0,3.0,3.0,4.0,2.0,4.0,3.0,1.0,4.0,2.0,1.0,1.0,3.0,2.0,3.0,1.0,3.0,2.0,2.0,3.0,2.0,1.0,2.0,1.916203333334128,0.35,0.9,0.63,0.18,0.58,0.6,0.83,0.41,0.69,0.62,0.7,0.54,0.85,0,0.35,0.81,0.59,0.89,0.41,0.91,0.7,0.04,0.6911,2.0,2.0,3.0,1.0,1.0,3.0,3.0,3.0,1.0,1.0,2.12045,3.0,3.0,3.0,3.0,5.0,1.0,1.0,1.0,1.0,1.0,3.0,1.0,1.0,3.0,3.0,2.0,1.0,3.0,1.0,4.0,1.0,1.0,1.0,1.0,1.0,1.0,5.0,3.0,5.0,3.0,1.0,1.62155,3.0,3.0,4.0,3.0,3.0,4.0,3.0,1.0,3.0,4.0,2.0,3.0,1.0,2.0,2.0,3.0,
6b3hv922bg,27.78905,2024-07-03 15:02:34.242873+00:00,03/07/2024,15:34:43,chrome,False,Mac OS,1440.0,734.0,Female,43,Master,"Engineering, Computer Science",True,Middle Eastern/North African,United Kingdom,Entertainment,5.198216666666666,5.298766666666666,pys47zaxZ90 - CizwH_T7pjg,3.63205,TRUE,FALSE,TRUE,FALSE,TRUE,TRUE,FALSE,FALSE,TRUE,FALSE,TRUE,FALSE,FALSE,TRUE,FALSE,TRUE,FALSE,FALSE,FALSE,TRUE,FALSE,3.4757333333333333,1.0,2.0,2.0,2.0,2.0,1.0,2.0,2.0,2.0,2.0,2.0,2.0,2.0,1.0,2.0,1.0,2.0,1.0,2.0,1.0,3.0,3.0,2.0,2.8261549999999502,1,0.78,0.81,0.68,0.84,0.39,0.94,0.52,1,0.68,0.97,0.86,0.49,0.92,0.93,0.35,0.96,1,1,0.78,0.88,0,1.4185166666666666,1.0,2.0,3.0,3.0,2.0,2.0,2.0,2.0,2.0,3.0,3.1370999999999998,5.0,5.0,5.0,5.0,3.0,4.0,4.0,4.0,4.0,4.0,4.0,4.0,4.0,4.0,4.0,1.0,3.0,4.0,2.0,4.0,4.0,1.0,1.0,1.0,1.0,1.0,1.0,1.0,1.0,1.0,1.0,1.8582666666666665,4.0,3.0,3.0,3.0,4.0,3.0,3.0,3.0,3.0,4.0,3.0,3.0,4.0,2.0,4.0,2.0,
yhay4yrfx1,29.205616666666668,2024-07-03 15:02:28.857362+00:00,03/07/2024,15:32:21,firefox,False,Windows 10,1536.0,731.0,Male,21,High school,,True,South Asian,United Kingdom,Entertainment,5.2146333333333335,10.33535,pys47zaxZ90 - CizwH_T7pjg,1.3439666666666668,TRUE,FALSE,TRUE,TRUE,TRUE,TRUE,FALSE,FALSE,TRUE,FALSE,TRUE,FALSE,FALSE,TRUE,FALSE,TRUE,FALSE,FALSE,TRUE,TRUE,FALSE,1.6487,3.0,2.0,3.0,3.0,1.0,2.0,1.0,1.0,4.0,3.0,2.0,1.0,4.0,4.0,1.0,1.0,4.0,1.0,4.0,4.0,1.0,2.0,3.0,1.871,0.81,0.61,0.69,0.85,0.59,0.1,0.59,0.81,0.55,0.78,0.85,0.87,1,0.58,0.82,0.52,0.81,0.5,0.61,0.82,0.73,0.25,0.9120166666666666,1.0,2.0,3.0,2.0,1.0,4.0,1.0,4.0,1.0,2.0,2.5070166666666664,5.0,5.0,5.0,5.0,3.0,2.0,1.0,1.0,1.0,1.0,2.0,1.0,2.0,3.0,3.0,4.0,4.0,4.0,4.0,4.0,3.0,3.0,1.0,1.0,1.0,1.0,1.0,5.0,5.0,3.0,3.0,4.4383,4.0,1.0,2.0,3.0,2.0,3.0,3.0,4.0,3.0,3.0,3.0,1.0,1.0,2.0,1.0,3.0,
rwdnmpyxbv,25.18365,2024-07-03 15:01:03.445029+00:00,03/07/2024,15:35:55,chrome,False,Windows 10,1504.0,868.0,Male,30,High school,,False,White,England,Entertainment,5.284583333333333,5.334983333333333,pys47zaxZ90 - CizwH_T7pjg,1.65785,TRUE,FALSE,TRUE,FALSE,TRUE,TRUE,FALSE,FALSE,FALSE,FALSE,FALSE,FALSE,FALSE,TRUE,FALSE,TRUE,FALSE,FALSE,FALSE,TRUE,FALSE,2.3045666666666667,1.0,3.0,3.0,4.0,2.0,4.0,2.0,2.0,3.0,3.0,3.0,1.0,2.0,3.0,2.0,1.0,3.0,3.0,3.0,2.0,2.0,3.0,3.0,2.9413566666762034,0.77,0.81,0.86,0.87,0.86,0.27,0.86,0.88,0.18,0.35,0.36,0.88,0.86,0.13,0.64,0.04,0.79,0.29,0.33,0.86,0.86,0.16,0.8526166666666666,2.0,2.0,3.0,3.0,1.0,2.0,2.0,3.0,2.0,3.0,3.7067666666666668,5.0,5.0,5.0,5.0,4.0,6.0,6.0,5.0,5.0,2.0,2.0,2.0,1.0,4.0,3.0,2.0,1.0,1.0,2.0,4.0,3.0,1.0,1.0,1.0,1.0,1.0,3.0,2.0,2.0,2.0,6.0,1.4929833333333333,4.0,3.0,3.0,3.0,2.0,3.0,3.0,4.0,1.0,3.0,4.0,3.0,3.0,4.0,4.0,3.0,
4xh50xc4yq,22.657449999999997,2024-07-03 15:00:54.713496+00:00,03/07/2024,15:38:11,chrome,False,Windows 10,1536.0,791.0,Female,39,Bachelor,"Psychology, Neuroscience",False,White,UK,Entertainment,5.440533333333334,5.162683333333334,CizwH_T7pjg - pys47zaxZ90,2.3855500000000003,FALSE,FALSE,TRUE,FALSE,TRUE,FALSE,TRUE,FALSE,FALSE,FALSE,FALSE,FALSE,TRUE,FALSE,TRUE,FALSE,FALSE,FALSE,TRUE,FALSE,FALSE,1.6660499999999998,1.0,2.0,2.0,2.0,1.0,3.0,2.0,1.0,2.0,1.0,3.0,1.0,2.0,1.0,2.0,1.0,2.0,1.0,2.0,2.0,1.0,2.0,1.0,2.919633333333333,0.83,0.79,0.91,0.63,0.86,0.78,1,0.63,0.96,0.42,1,0.86,0.95,0.29,0.68,0.88,0.98,0.61,0.38,0.7,0.91,0.74,0.5395833333333333,1.0,2.0,1.0,2.0,1.0,3.0,1.0,1.0,2.0,3.0,2.25725,5.0,5.0,4.0,5.0,5.0,2.0,2.0,2.0,2.0,2.0,2.0,2.0,2.0,2.0,2.0,1.0,1.0,1.0,1.0,4.0,1.0,1.0,1.0,1.0,1.0,1.0,4.0,2.0,2.0,1.0,1.0,1.0601333333333334,4.0,3.0,2.0,3.0,3.0,3.0,2.0,3.0,3.0,4.0,3.0,4.0,1.0,3.0,4.0,3.0,
9yvjaj6wbv,16.586466666666666,2024-07-03 15:00:31.688096+00:00,03/07/2024,15:43:52,chrome,False,Windows 10,1920.0,911.0,Female,24,Bachelor,"Literature, Languages",True,White,UK,Entertainment,4.932683333333333,5.080333333333333,pys47zaxZ90 - CizwH_T7pjg,1.1042833333333335,TRUE,FALSE,TRUE,TRUE,TRUE,FALSE,FALSE,FALSE,FALSE,FALSE,TRUE,FALSE,FALSE,TRUE,FALSE,FALSE,FALSE,FALSE,TRUE,TRUE,TRUE,1.1177833333333331,3.0,3.0,2.0,3.0,2.0,2.0,2.0,2.0,2.0,3.0,2.0,1.0,3.0,3.0,4.0,1.0,3.0,2.0,3.0,2.0,2.0,2.0,1.0,1.2373133333332835,0.65,0.81,0.29,0.2,0.77,0.39,0.36,0.65,0.78,0.77,0.75,0.86,0.22,0.08,0.42,0.04,0.13,0.09,0.63,0.54,0.79,0.04,0.4658833333333333,2.0,2.0,3.0,2.0,1.0,2.0,3.0,3.0,1.0,1.0,1.3913499999999999,3.0,1.0,2.0,2.0,4.0,1.0,2.0,2.0,2.0,2.0,1.0,1.0,1.0,1.0,1.0,1.0,1.0,1.0,1.0,4.0,1.0,1.0,1.0,1.0,1.0,1.0,1.0,1.0,1.0,1.0,1.0,0.6920833333333333,2.0,3.0,3.0,3.0,3.0,3.0,2.0,3.0,2.0,4.0,3.0,3.0,1.0,3.0,3.0,2.0,
wxgnk02xcv,25.76158333333333,2024-07-03 15:00:01.703708+00:00,03/07/2024,15:34:10,edge-chromium,False,Windows 10,1272.0,598.0,Female,53,Bachelor,"Political Science, Law",False,White,United Kingdom,Entertainment,5.471,5.37,CizwH_T7pjg - pys47zaxZ90,1.8673333333333335,FALSE,FALSE,TRUE,FALSE,FALSE,TRUE,FALSE,FALSE,FALSE,FALSE,TRUE,FALSE,TRUE,TRUE,TRUE,FALSE,FALSE,FALSE,FALSE,TRUE,TRUE,2.5439,2.0,2.0,2.0,3.0,1.0,2.0,3.0,2.0,2.0,1.0,1.0,1.0,3.0,3.0,3.0,1.0,2.0,2.0,4.0,2.0,1.0,1.0,2.0,2.3145099999999004,0.56,0.29,0.86,0.32,0.44,0.62,0.36,0.76,1,0.86,1,0.66,0.77,0.12,0.82,0.37,0.93,0.35,0.36,0.72,0.61,0.4,1.2051666666666667,2.0,2.0,2.0,1.0,1.0,2.0,2.0,3.0,1.0,1.0,4.603283333333334,7.0,6.0,6.0,7.0,6.0,2.0,1.0,1.0,1.0,1.0,3.0,1.0,1.0,1.0,1.0,1.0,1.0,1.0,1.0,4.0,1.0,1.0,1.0,2.0,1.0,1.0,1.0,4.0,5.0,1.0,1.0,1.5168166666666667,3.0,4.0,4.0,3.0,3.0,4.0,3.0,2.0,3.0,4.0,3.0,4.0,2.0,2.0,3.0,2.0,
gp6ofg5ff5,22.859266666666667,2024-07-03 14:57:16.624238+00:00,03/07/2024,15:34:21,chrome,False,Mac OS,1680.0,912.0,Male,29,Bachelor,"Engineering, Computer Science",False,South Asian,England,Entertainment,4.96995,5.20275,pys47zaxZ90 - CizwH_T7pjg,2.5933,TRUE,FALSE,TRUE,TRUE,TRUE,TRUE,FALSE,FALSE,TRUE,FALSE,TRUE,FALSE,TRUE,TRUE,TRUE,TRUE,FALSE,FALSE,FALSE,TRUE,FALSE,2.1756666666666664,2.0,2.0,2.0,1.0,3.0,2.0,3.0,2.0,3.0,3.0,1.0,1.0,3.0,2.0,3.0,1.0,2.0,2.0,2.0,2.0,1.0,1.0,2.0,2.0552433333333275,0.86,0.86,1,0.74,1,0.9,0.5,0.5,1,1,1,0.81,0.77,0.5,1,0.88,1,1,0.6,0.77,0.87,0.85,0.9281166666666666,2.0,2.0,2.0,1.0,1.0,3.0,3.0,2.0,2.0,1.0,2.49675,5.0,4.0,4.0,2.0,2.0,1.0,1.0,2.0,1.0,1.0,1.0,1.0,1.0,1.0,1.0,1.0,1.0,1.0,1.0,4.0,1.0,1.0,1.0,1.0,1.0,1.0,1.0,1.0,1.0,1.0,1.0,1.5645166666666666,4.0,4.0,2.0,3.0,3.0,3.0,3.0,3.0,1.0,4.0,3.0,3.0,2.0,2.0,4.0,3.0,
ljxmdu2b5j,25.120116666666668,2024-07-03 14:57:02.056672+00:00,03/07/2024,15:31:49,chrome,False,Windows 10,1536.0,703.0,Female,57,Bachelor,"Engineering, Computer Science",False,Hispanic/Latino,UK,Entertainment,5.3168,6.1587499999999995,pys47zaxZ90 - CizwH_T7pjg,1.7794999999999999,FALSE,FALSE,TRUE,TRUE,FALSE,FALSE,FALSE,FALSE,TRUE,TRUE,FALSE,FALSE,TRUE,TRUE,TRUE,FALSE,TRUE,TRUE,TRUE,FALSE,TRUE,2.31955,2.0,1.0,2.0,2.0,2.0,3.0,1.0,1.0,1.0,1.0,1.0,1.0,2.0,3.0,3.0,1.0,2.0,1.0,2.0,2.0,1.0,1.0,1.0,2.570051666666567,0.26,0.22,0.89,1,0.21,0.17,1,0.93,0.88,0.79,1,0.15,1,0,1,0.26,0.13,0.85,1,1,0.25,0,0.7913333333333333,2.0,1.0,1.0,1.0,1.0,3.0,3.0,2.0,1.0,1.0,2.6541,5.0,5.0,5.0,7.0,7.0,4.0,4.0,4.0,4.0,4.0,4.0,4.0,4.0,4.0,4.0,1.0,1.0,1.0,1.0,4.0,1.0,1.0,1.0,1.0,1.0,1.0,1.0,1.0,1.0,1.0,1.0,2.7211166666666666,3.0,4.0,2.0,3.0,4.0,1.0,3.0,4.0,2.0,4.0,3.0,4.0,3.0,4.0,4.0,2.0,
b7t1b0c5sj,25.8678,2024-07-03 14:56:59.421605+00:00,03/07/2024,15:31:03,edge-chromium,False,Windows 10,1488.0,838.0,Female,52,Bachelor,Medicine,True,White,England,Entertainment,5.20275,5.367416666666667,pys47zaxZ90 - CizwH_T7pjg,2.15135,TRUE,FALSE,TRUE,TRUE,TRUE,TRUE,FALSE,FALSE,FALSE,FALSE,FALSE,FALSE,TRUE,TRUE,TRUE,TRUE,FALSE,FALSE,FALSE,TRUE,FALSE,2.149016666666667,1.0,2.0,3.0,2.0,2.0,2.0,1.0,1.0,2.0,2.0,2.0,1.0,2.0,2.0,2.0,1.0,2.0,2.0,2.0,2.0,1.0,1.0,2.0,2.02005,0.4,1,0.8,0.52,1,0.42,0.88,0.66,1,0.77,1,0.62,0.87,0.6,0.77,0.24,1,0.78,0.64,0.78,0.64,0.86,1.0183333333333333,2.0,1.0,2.0,1.0,1.0,2.0,2.0,2.0,2.0,1.0,5.1767666666666665,5.0,5.0,4.0,4.0,5.0,1.0,1.0,1.0,1.0,2.0,2.0,2.0,2.0,2.0,6.0,1.0,4.0,5.0,4.0,4.0,1.0,1.0,1.0,1.0,1.0,1.0,1.0,4.0,2.0,2.0,6.0,1.8679333333333332,3.0,3.0,1.0,3.0,3.0,3.0,4.0,2.0,3.0,4.0,3.0,4.0,1.0,2.0,3.0,3.0,
htdblr1e4y,21.190783333333332,2024-07-03 14:56:07.248647+00:00,03/07/2024,15:42:14,chrome,False,Windows 10,1280.0,585.0,Female,30,Bachelor,other,False,White,UK,Entertainment,6.1251,5.34245,CizwH_T7pjg - pys47zaxZ90,1.1399166666666667,TRUE,FALSE,TRUE,FALSE,FALSE,TRUE,FALSE,FALSE,FALSE,FALSE,TRUE,FALSE,FALSE,TRUE,FALSE,TRUE,FALSE,FALSE,FALSE,TRUE,FALSE,1.7002333333333333,2.0,3.0,4.0,2.0,2.0,2.0,3.0,2.0,3.0,3.0,3.0,1.0,3.0,2.0,3.0,1.0,3.0,2.0,3.0,2.0,3.0,3.0,2.0,1.274075,0.41,0.39,0.67,0.41,0.34,0.34,0.74,0.65,0.31,0.66,0.68,0.67,0.66,0.7,0.72,0.28,0.62,0.71,0.58,0.71,0.33,0.68,0.5980333333333333,2.0,2.0,2.0,3.0,1.0,3.0,2.0,3.0,3.0,2.0,2.0936666666666666,4.0,3.0,3.0,5.0,3.0,4.0,4.0,4.0,3.0,3.0,5.0,3.0,3.0,4.0,5.0,5.0,4.0,4.0,5.0,4.0,3.0,2.0,3.0,3.0,3.0,3.0,3.0,3.0,3.0,3.0,3.0,1.6577,3.0,3.0,3.0,3.0,3.0,3.0,4.0,4.0,3.0,3.0,3.0,4.0,4.0,3.0,3.0,3.0,Paramedic Science
tkszpfng8o,21.238166666666665,2024-07-03 14:55:44.488212+00:00,03/07/2024,15:34:27,chrome,False,Windows 10,1280.0,631.0,Female,52,Master,"Business, Economics",False,White,uk,Entertainment,5.344033333333333,5.046983333333333,CizwH_T7pjg - pys47zaxZ90,3.549783333333333,TRUE,FALSE,TRUE,FALSE,TRUE,TRUE,FALSE,FALSE,TRUE,FALSE,TRUE,FALSE,FALSE,TRUE,FALSE,TRUE,FALSE,FALSE,FALSE,TRUE,FALSE,1.3796166666666667,2.0,1.0,1.0,1.0,1.0,1.0,1.0,1.0,1.0,1.0,1.0,1.0,2.0,1.0,1.0,1.0,1.0,1.0,2.0,1.0,1.0,2.0,1.0,0.9688233333309492,0.85,0.87,0.87,0.28,0.77,0.86,0.88,0.9,0.89,0.76,0.89,0.73,0.86,0.37,0.88,0.87,0.93,0.86,0.74,0.36,0.88,0.55,0.8660333333333334,1.0,1.0,1.0,1.0,1.0,1.0,1.0,1.0,1.0,2.0,2.418266666666667,2.0,1.0,1.0,1.0,2.0,1.0,1.0,1.0,1.0,3.0,4.0,3.0,3.0,4.0,2.0,1.0,1.0,1.0,1.0,4.0,1.0,1.0,1.0,1.0,1.0,1.0,4.0,3.0,4.0,2.0,1.0,0.99225,2.0,4.0,2.0,3.0,4.0,4.0,3.0,4.0,3.0,3.0,4.0,4.0,4.0,4.0,4.0,2.0,
t77k74ysvb,21.757833333333334,2024-07-03 14:55:23.197708+00:00,03/07/2024,15:33:35,chrome,False,Windows 10,1280.0,593.0,Male,60,Bachelor,other,False,White,,Entertainment,5.72405,5.057116666666667,CizwH_T7pjg - pys47zaxZ90,1.6148166666666666,TRUE,FALSE,TRUE,TRUE,TRUE,TRUE,FALSE,FALSE,TRUE,FALSE,TRUE,FALSE,TRUE,TRUE,TRUE,FALSE,FALSE,FALSE,TRUE,TRUE,FALSE,1.9101333333333335,1.0,2.0,2.0,2.0,1.0,2.0,2.0,2.0,2.0,1.0,1.0,1.0,2.0,2.0,2.0,1.0,2.0,1.0,3.0,2.0,1.0,1.0,2.0,1.5881399999999752,0.86,0.74,1,0.68,1,0.77,1,0.76,0.96,0.7,1,0.72,1,1,1,0.47,1,1,1,1,0.74,0.25,0.7269333333333333,1.0,1.0,2.0,1.0,1.0,2.0,2.0,1.0,1.0,1.0,2.837216666666667,1.0,1.0,1.0,1.0,2.0,1.0,1.0,1.0,1.0,1.0,1.0,1.0,1.0,1.0,1.0,1.0,1.0,1.0,1.0,4.0,1.0,1.0,1.0,1.0,1.0,1.0,1.0,1.0,1.0,1.0,1.0,1.2057166666666668,4.0,4.0,2.0,3.0,3.0,3.0,3.0,3.0,3.0,4.0,4.0,3.0,1.0,4.0,4.0,1.0,Consultancy
6qomfv83tn,26.392999999999997,2024-07-03 14:54:45.399923+00:00,03/07/2024,15:28:17,firefox,False,Windows 10,1504.0,842.0,Male,21,Bachelor,"Political Science, Law",False,East Asian,UK,Entertainment,9.921466666666667,6.210566666666667,pys47zaxZ90 - CizwH_T7pjg,1.3744833333333333,FALSE,FALSE,TRUE,TRUE,TRUE,TRUE,TRUE,FALSE,TRUE,FALSE,TRUE,TRUE,TRUE,FALSE,TRUE,FALSE,FALSE,TRUE,TRUE,TRUE,FALSE,2.359583333333333,3.0,1.0,2.0,2.0,1.0,1.0,2.0,3.0,1.0,1.0,1.0,3.0,2.0,1.0,3.0,1.0,1.0,2.0,1.0,3.0,3.0,3.0,1.0,2.62345,0.76,1,1,0.32,0.98,0.98,0.65,0.8,0.62,1,1,0.69,0.89,0.07,0.13,0,0.97,0.75,0.88,1,0.72,0.21,0.5466333333333334,1.0,3.0,1.0,3.0,3.0,2.0,2.0,2.0,2.0,3.0,1.44655,6.0,6.0,6.0,6.0,6.0,2.0,2.0,2.0,2.0,2.0,2.0,1.0,1.0,2.0,2.0,2.0,2.0,2.0,2.0,4.0,2.0,1.0,1.0,1.0,1.0,1.0,1.0,1.0,1.0,1.0,1.0,1.1100166666666667,4.0,4.0,1.0,3.0,4.0,3.0,2.0,3.0,1.0,3.0,3.0,4.0,3.0,1.0,4.0,3.0,
1j2c05xwku,19.9054,2024-07-03 14:53:58.599645+00:00,03/07/2024,15:33:55,chrome,False,Windows 10,1920.0,991.0,Female,41,High school,,False,White,england,Entertainment,5.463833333333333,5.0197,CizwH_T7pjg - pys47zaxZ90,1.2187666666666668,TRUE,FALSE,TRUE,TRUE,TRUE,TRUE,FALSE,FALSE,TRUE,FALSE,TRUE,FALSE,FALSE,TRUE,FALSE,TRUE,FALSE,FALSE,TRUE,TRUE,FALSE,2.0005,2.0,2.0,3.0,2.0,3.0,2.0,2.0,2.0,2.0,3.0,2.0,1.0,2.0,2.0,3.0,1.0,3.0,2.0,3.0,2.0,2.0,2.0,1.0,1.6042033333333205,0.9,0.54,0.71,0.63,0.66,0.39,0.7,0.67,0.7,0.71,0.45,0.59,0.61,0.32,0.73,0.23,0.83,0.7,0.44,0.67,0.75,0.21,0.51385,2.0,2.0,2.0,1.0,1.0,2.0,2.0,2.0,2.0,2.0,2.4329166666666664,5.0,5.0,6.0,5.0,5.0,2.0,2.0,1.0,1.0,1.0,7.0,7.0,7.0,7.0,6.0,5.0,5.0,4.0,4.0,4.0,4.0,3.0,2.0,1.0,2.0,2.0,3.0,2.0,2.0,1.0,3.0,0.9573,3.0,4.0,2.0,3.0,3.0,3.0,2.0,4.0,3.0,3.0,3.0,3.0,3.0,4.0,3.0,2.0,
lq4zv47dvv,18.042366666666666,2024-07-03 14:53:56.289573+00:00,03/07/2024,15:35:46,chrome,False,Windows 10,1280.0,585.0,Female,36,Bachelor,"Engineering, Computer Science",False,White,UK,Entertainment,5.178216666666667,4.875016666666666,CizwH_T7pjg - pys47zaxZ90,1.16365,TRUE,FALSE,TRUE,TRUE,TRUE,TRUE,FALSE,FALSE,FALSE,FALSE,TRUE,FALSE,FALSE,FALSE,FALSE,TRUE,FALSE,FALSE,TRUE,TRUE,FALSE,1.5152166666666667,2.0,1.0,3.0,2.0,1.0,2.0,2.0,2.0,2.0,2.0,2.0,1.0,2.0,1.0,1.0,1.0,2.0,1.0,2.0,3.0,1.0,1.0,1.0,1.5374316666665175,0.68,0.31,0.73,0.85,0.38,0.45,0.67,0.74,0.83,0.72,0.94,0.36,0.49,0.44,0.5,0.31,0.79,0.36,0.94,0.85,0.98,0.42,0.52015,1.0,2.0,2.0,1.0,1.0,2.0,1.0,1.0,2.0,1.0,1.86765,2.0,2.0,2.0,2.0,2.0,2.0,2.0,2.0,2.0,2.0,2.0,1.0,1.0,1.0,1.0,1.0,1.0,1.0,1.0,4.0,1.0,1.0,1.0,1.0,1.0,1.0,2.0,2.0,2.0,2.0,6.0,0.8319166666666666,4.0,4.0,3.0,3.0,4.0,3.0,3.0,4.0,4.0,4.0,4.0,4.0,1.0,3.0,3.0,1.0,
vev5wclcdf,24.527333333333335,2024-07-03 14:53:44.466538+00:00,03/07/2024,15:29:08,safari,False,Mac OS,1440.0,820.0,Female,22,Bachelor,"Business, Economics",False,Black,United Kingdom,Entertainment,5.0176,5.151,pys47zaxZ90 - CizwH_T7pjg,1.9373333333333334,TRUE,FALSE,TRUE,TRUE,TRUE,TRUE,FALSE,FALSE,TRUE,FALSE,TRUE,FALSE,FALSE,TRUE,FALSE,TRUE,FALSE,FALSE,TRUE,TRUE,FALSE,2.4298833333333336,4.0,4.0,2.0,3.0,4.0,3.0,3.0,4.0,4.0,2.0,2.0,1.0,3.0,4.0,3.0,1.0,3.0,3.0,4.0,3.0,3.0,3.0,2.0,1.9949833333333333,1,1,1,0.61,1,0.91,1,1,1,0.94,0.28,0.5,1,0.81,1,0.59,1,1,1,0.43,1,0.4,0.8735499999999999,3.0,3.0,3.0,2.0,1.0,3.0,2.0,3.0,2.0,2.0,4.184366666666667,5.0,5.0,5.0,5.0,6.0,4.0,1.0,1.0,1.0,1.0,1.0,1.0,1.0,1.0,1.0,1.0,1.0,1.0,1.0,4.0,1.0,1.0,1.0,5.0,1.0,5.0,1.0,1.0,4.0,1.0,2.0,1.62595,3.0,4.0,4.0,3.0,2.0,2.0,1.0,4.0,1.0,4.0,3.0,3.0,4.0,3.0,2.0,4.0,
fzrdttt8od,22.791416666666667,2024-07-03 14:48:14.710002+00:00,03/07/2024,15:25:19,edge-chromium,False,Windows 10,1318.0,654.0,Female,62,High school,,False,White,uk,Entertainment,4.765566666666667,5.353516666666667,pys47zaxZ90 - CizwH_T7pjg,2.1211166666666665,FALSE,FALSE,TRUE,TRUE,TRUE,TRUE,FALSE,FALSE,TRUE,TRUE,TRUE,TRUE,TRUE,FALSE,TRUE,TRUE,FALSE,TRUE,TRUE,FALSE,FALSE,2.689416666666667,2.0,2.0,2.0,2.0,3.0,2.0,3.0,2.0,1.0,3.0,2.0,2.0,2.0,1.0,1.0,1.0,2.0,2.0,2.0,1.0,2.0,2.0,2.0,2.2108300000031784,0.63,0.42,0.69,0.63,0.59,0.5,0.62,0.57,0.31,0.63,0.6,0.42,0.68,0.71,0.65,0.68,0.42,0.63,0.58,0.62,0.5,0.35,0.7206833333333333,2.0,2.0,2.0,2.0,2.0,2.0,2.0,2.0,2.0,2.0,2.5895333333333337,4.0,5.0,5.0,5.0,5.0,4.0,3.0,3.0,2.0,2.0,4.0,2.0,3.0,5.0,4.0,2.0,2.0,2.0,2.0,4.0,3.0,2.0,2.0,2.0,2.0,2.0,2.0,2.0,2.0,2.0,2.0,1.4080333333333332,4.0,4.0,4.0,3.0,3.0,3.0,4.0,4.0,3.0,3.0,3.0,3.0,2.0,2.0,3.0,4.0,
nnx0mqj397,21.76455,2024-07-03 14:46:19.866730+00:00,03/07/2024,10:24:26,chrome,False,Windows 10,1536.0,730.0,Female,41,Bachelor,"Biology, Chemistry, Physics",False,Prefer not to say,USA,Entertainment,5.013216666666667,4.478266666666667,pys47zaxZ90 - CizwH_T7pjg,2.352533333333333,FALSE,FALSE,TRUE,TRUE,FALSE,TRUE,TRUE,FALSE,FALSE,TRUE,TRUE,FALSE,TRUE,TRUE,TRUE,TRUE,FALSE,TRUE,TRUE,TRUE,TRUE,2.941216666666667,1.0,1.0,3.0,3.0,2.0,2.0,2.0,2.0,2.0,2.0,2.0,1.0,2.0,2.0,2.0,1.0,2.0,2.0,2.0,2.0,2.0,2.0,1.0,1.7830616666674615,0.28,0.77,0.5,0.77,0.51,0.77,0.78,0.78,0.22,0.23,0.27,0.23,0.79,0.27,0.8,0.27,0.24,0.79,0.23,0.77,0.29,0.25,0.9503666666666667,2.0,2.0,2.0,2.0,1.0,2.0,2.0,2.0,2.0,2.0,2.5278833333333335,4.0,4.0,4.0,4.0,5.0,5.0,5.0,5.0,5.0,4.0,4.0,3.0,3.0,3.0,3.0,3.0,7.0,6.0,7.0,4.0,5.0,4.0,4.0,4.0,4.0,4.0,5.0,5.0,4.0,5.0,5.0,0.9227166666666666,1.0,2.0,2.0,3.0,3.0,1.0,2.0,3.0,3.0,3.0,4.0,4.0,4.0,3.0,2.0,3.0,
tbx77ccc2b,20.73368333333333,2024-07-03 14:44:52.334484+00:00,03/07/2024,15:24:11,chrome,False,Windows 10,1920.0,911.0,Male,52,Bachelor,"Engineering, Computer Science",False,White,England,Entertainment,4.5186,5.1219,pys47zaxZ90 - CizwH_T7pjg,1.8171666666666666,TRUE,FALSE,TRUE,TRUE,FALSE,TRUE,FALSE,FALSE,TRUE,FALSE,TRUE,FALSE,FALSE,TRUE,FALSE,TRUE,FALSE,FALSE,FALSE,TRUE,FALSE,2.0813333333333333,2.0,1.0,3.0,3.0,1.0,2.0,1.0,2.0,2.0,3.0,2.0,1.0,2.0,2.0,2.0,1.0,2.0,2.0,2.0,3.0,1.0,1.0,1.0,2.280625,1,0.67,1,0.5,0.72,0.5,0.93,0.86,0.74,0.5,1,0.5,0.85,0.73,1,0.5,0.5,1,0.8,0.5,0.93,0.22,1.0676333333333334,2.0,2.0,2.0,2.0,1.0,2.0,2.0,2.0,1.0,1.0,1.9860333333333335,4.0,6.0,5.0,5.0,7.0,4.0,4.0,4.0,4.0,4.0,4.0,4.0,4.0,6.0,4.0,4.0,4.0,4.0,4.0,4.0,2.0,1.0,1.0,1.0,1.0,5.0,4.0,4.0,3.0,4.0,4.0,1.27085,2.0,3.0,2.0,3.0,3.0,3.0,4.0,3.0,4.0,4.0,3.0,3.0,2.0,4.0,3.0,3.0,
cuvhnqqmpd,17.593116666666667,2024-07-03 14:43:26.713446+00:00,03/07/2024,15:25:44,chrome,False,Mac OS,1680.0,825.0,Female,31,Bachelor,Arts and Humanities,False,White,UK,Entertainment,4.541650000000001,4.951233333333334,CizwH_T7pjg - pys47zaxZ90,1.2602333333333333,TRUE,FALSE,TRUE,FALSE,TRUE,TRUE,FALSE,FALSE,TRUE,FALSE,TRUE,FALSE,FALSE,TRUE,FALSE,TRUE,FALSE,FALSE,FALSE,TRUE,FALSE,1.6816666666666669,2.0,2.0,2.0,2.0,1.0,2.0,2.0,1.0,1.0,2.0,2.0,1.0,3.0,3.0,1.0,1.0,2.0,1.0,1.0,2.0,2.0,2.0,1.0,1.4132116666664678,0.81,0.29,0.72,0.83,0.77,0.73,0.9,0.68,0.38,0.31,0.75,0.77,0.72,0.3,0.76,0.2,0.71,0.75,0.77,0.72,0.7,0.34,0.7000833333333334,1.0,2.0,2.0,2.0,1.0,2.0,1.0,2.0,2.0,2.0,1.8297666666666668,5.0,5.0,4.0,5.0,5.0,1.0,1.0,1.0,1.0,1.0,3.0,1.0,1.0,1.0,1.0,1.0,1.0,1.0,1.0,4.0,1.0,1.0,1.0,1.0,1.0,3.0,4.0,4.0,5.0,4.0,5.0,0.7934333333333333,4.0,4.0,4.0,3.0,4.0,4.0,4.0,4.0,3.0,4.0,3.0,3.0,4.0,4.0,4.0,2.0,
03kqwl3ec7,19.805283333333332,2024-07-03 14:42:59.555197+00:00,03/07/2024,15:22:53,chrome,False,Windows 10,1280.0,559.0,Female,34,Master,Arts and Humanities,False,White,,Entertainment,5.22725,5.140066666666667,pys47zaxZ90 - CizwH_T7pjg,1.3974,TRUE,FALSE,TRUE,TRUE,FALSE,TRUE,FALSE,FALSE,TRUE,FALSE,TRUE,FALSE,TRUE,TRUE,TRUE,FALSE,FALSE,FALSE,TRUE,TRUE,FALSE,1.8049666666666666,2.0,3.0,3.0,2.0,1.0,3.0,3.0,2.0,2.0,1.0,3.0,1.0,2.0,2.0,1.0,1.0,2.0,2.0,2.0,3.0,2.0,2.0,2.0,2.0332199999998015,0.97,0.93,0.81,0.84,0.73,0.8,0.96,0.86,0.88,0.91,0.9,0.87,0.93,0.67,0.89,0.74,0.98,0.93,0.86,1,0.94,0.89,0.6466666666666666,1.0,2.0,2.0,3.0,1.0,1.0,1.0,1.0,1.0,3.0,1.8781999999999999,5.0,6.0,5.0,5.0,5.0,4.0,3.0,3.0,3.0,2.0,2.0,1.0,1.0,2.0,1.0,1.0,2.0,2.0,3.0,4.0,1.0,1.0,1.0,1.0,1.0,1.0,1.0,1.0,1.0,1.0,1.0,1.0471166666666667,3.0,3.0,2.0,3.0,3.0,3.0,3.0,3.0,2.0,4.0,3.0,3.0,2.0,3.0,3.0,2.0,
yftqkp59rt,21.070800000000002,2024-07-03 14:34:50.769812+00:00,03/07/2024,15:13:39,safari,False,Mac OS,1829.0,853.0,Male,43,Bachelor,Arts and Humanities,False,White,England,Entertainment,5.134566666666667,8.397883333333333,CizwH_T7pjg - pys47zaxZ90,1.2133666666666667,TRUE,FALSE,TRUE,TRUE,TRUE,TRUE,FALSE,FALSE,FALSE,FALSE,TRUE,FALSE,FALSE,FALSE,FALSE,TRUE,FALSE,FALSE,FALSE,TRUE,FALSE,1.3590166666666665,1.0,1.0,1.0,1.0,1.0,2.0,2.0,1.0,2.0,1.0,1.0,2.0,2.0,1.0,2.0,1.0,2.0,1.0,2.0,1.0,1.0,2.0,1.0,1.1280666666666666,0.41,0.92,0.65,0.38,0.94,0.81,1,0.89,0.71,1,0.4,0.76,0.91,0.23,1,0,0.68,0.76,0.96,0.6,0.6,0.05,0.5178166666666667,1.0,2.0,1.0,2.0,2.0,2.0,1.0,1.0,1.0,2.0,1.87585,2.0,3.0,7.0,5.0,6.0,5.0,5.0,4.0,4.0,3.0,3.0,4.0,4.0,5.0,3.0,3.0,3.0,1.0,1.0,4.0,1.0,1.0,1.0,4.0,4.0,4.0,4.0,4.0,4.0,2.0,2.0,0.7797999999999999,4.0,4.0,2.0,3.0,4.0,4.0,2.0,3.0,2.0,4.0,3.0,4.0,1.0,4.0,4.0,1.0,
456gukpuzm,36.33773333333333,2024-07-03 11:41:17.957908+00:00,03/07/2024,12:04:43,edge-chromium,False,Windows 10,1026.0,617.0,Male,20,High school,,True,White,england,Awe,5.827583333333333,3.0477333333333334,Cl_kXbhTi8k - TcgqDs-95Uw,3.6558333333333333,TRUE,FALSE,TRUE,TRUE,FALSE,TRUE,FALSE,FALSE,TRUE,FALSE,TRUE,FALSE,FALSE,TRUE,FALSE,TRUE,FALSE,FALSE,TRUE,TRUE,FALSE,3.1673666666666667,3.0,4.0,4.0,4.0,2.0,4.0,4.0,3.0,2.0,2.0,3.0,1.0,4.0,4.0,2.0,1.0,4.0,3.0,4.0,3.0,3.0,2.0,4.0,3.827716666666667,0.71,0.61,0.73,0.72,0.74,0.63,0.83,0.55,0.69,0.77,0.74,0.67,0.85,0.06,0.79,0.13,0.86,0.19,0.69,0.62,0.87,0.1,0.88415,3.0,3.0,2.0,2.0,1.0,4.0,2.0,4.0,3.0,2.0,6.530366666666667,5.0,4.0,6.0,5.0,5.0,2.0,3.0,3.0,3.0,6.0,6.0,5.0,5.0,3.0,4.0,6.0,6.0,5.0,6.0,4.0,6.0,5.0,2.0,3.0,5.0,6.0,6.0,2.0,1.0,2.0,6.0,4.196316666666666,4.0,3.0,3.0,3.0,4.0,4.0,2.0,4.0,3.0,4.0,2.0,2.0,1.0,3.0,3.0,4.0,
00nggfzzrg,36.4359,2024-07-03 00:54:15.668068+00:00,02/07/2024,18:17:44,chrome,False,Windows 10,681.0,632.0,Female,55,Bachelor,"Psychology, Neuroscience",False,Hispanic/Latino,Mexico,Awe,3.0984333333333334,6.045933333333333,TcgqDs-95Uw - Cl_kXbhTi8k,4.487533333333333,TRUE,FALSE,TRUE,FALSE,TRUE,TRUE,FALSE,FALSE,TRUE,FALSE,TRUE,FALSE,FALSE,TRUE,TRUE,TRUE,FALSE,FALSE,FALSE,TRUE,FALSE,4.238566666666666,3.0,3.0,3.0,3.0,1.0,2.0,3.0,1.0,3.0,3.0,2.0,1.0,3.0,3.0,3.0,1.0,2.0,2.0,2.0,2.0,3.0,2.0,2.0,3.1615766666665674,0.72,0.4,0.35,0.95,0.63,0.98,0.85,0.9,0.94,0.62,0.98,0.7,0.83,0.15,0.76,0.84,0.9,0.91,0.64,0.84,0.69,0.8,1.011,2.0,3.0,2.0,2.0,1.0,3.0,2.0,2.0,2.0,3.0,4.3323,6.0,6.0,6.0,6.0,7.0,4.0,2.0,5.0,5.0,6.0,7.0,6.0,6.0,6.0,6.0,7.0,7.0,6.0,6.0,4.0,5.0,5.0,7.0,5.0,6.0,7.0,3.0,2.0,2.0,1.0,4.0,2.9471833333333333,3.0,4.0,4.0,3.0,3.0,4.0,4.0,3.0,3.0,4.0,2.0,4.0,3.0,3.0,4.0,2.0,
4xt0s3uhnh,19.892866666666666,2024-07-03 00:24:26.731756+00:00,03/07/2024,02:04:28,edge-chromium,False,Windows 10,1536.0,864.0,Female,52,Master,"Business, Economics",False,White,The Netherlands,Awe,3.0540000000000003,5.8094833333333336,TcgqDs-95Uw - Cl_kXbhTi8k,1.68885,TRUE,FALSE,TRUE,TRUE,TRUE,TRUE,FALSE,FALSE,TRUE,FALSE,TRUE,FALSE,FALSE,TRUE,TRUE,TRUE,FALSE,FALSE,TRUE,TRUE,FALSE,2.8266333333333336,2.0,3.0,1.0,4.0,3.0,2.0,3.0,1.0,1.0,3.0,2.0,1.0,3.0,2.0,2.0,1.0,2.0,2.0,2.0,2.0,3.0,2.0,2.0,1.3899133333330351,0.93,0.64,0.75,0.63,0.38,0.84,1,1,0.09,0.84,0.23,1,0.82,0.12,0.98,0.92,0.87,0.9,0.26,0.89,0.61,0.61,1.0849666666666666,2.0,1.0,2.0,3.0,2.0,2.0,2.0,2.0,3.0,2.0,2.1631333333333336,7.0,5.0,6.0,3.0,6.0,2.0,1.0,4.0,3.0,5.0,6.0,3.0,4.0,6.0,6.0,4.0,6.0,7.0,6.0,4.0,2.0,1.0,7.0,1.0,6.0,5.0,4.0,7.0,2.0,5.0,6.0,1.019,3.0,4.0,2.0,3.0,4.0,3.0,4.0,4.0,4.0,3.0,4.0,1.0,2.0,4.0,3.0,1.0,
tow30v58pd,40.18391666666666,2024-07-03 00:23:48.156473+00:00,03/07/2024,01:43:34,edge-chromium,False,Windows 10,1232.0,606.0,Male,43,High school,,False,Hispanic/Latino,Spain,Awe,5.902033333333334,4.449666666666667,Cl_kXbhTi8k - TcgqDs-95Uw,4.3871166666666666,TRUE,FALSE,TRUE,TRUE,FALSE,TRUE,TRUE,FALSE,FALSE,TRUE,TRUE,FALSE,FALSE,TRUE,TRUE,TRUE,FALSE,FALSE,TRUE,FALSE,FALSE,7.4957666666666665,2.0,3.0,2.0,3.0,1.0,2.0,2.0,1.0,2.0,2.0,1.0,1.0,3.0,2.0,1.0,1.0,2.0,2.0,1.0,2.0,3.0,1.0,1.0,5.312166666666667,0.2,1,1,1,0.91,0.87,1,0.86,0.86,0.73,0.7,1,1,0.21,1,0.86,1,1,0.85,0.97,1,0.87,2.7426833333333334,1.0,2.0,2.0,1.0,1.0,3.0,3.0,2.0,3.0,1.0,5.805916666666667,6.0,6.0,7.0,5.0,7.0,7.0,7.0,6.0,7.0,7.0,6.0,6.0,5.0,5.0,6.0,7.0,7.0,7.0,7.0,4.0,7.0,7.0,5.0,5.0,2.0,7.0,5.0,2.0,2.0,5.0,7.0,2.715433333333333,4.0,2.0,4.0,3.0,3.0,3.0,4.0,2.0,4.0,4.0,4.0,2.0,1.0,3.0,2.0,2.0,
h4sy4rxqwd,32.99988333333333,2024-07-03 00:00:56.084799+00:00,03/07/2024,01:27:51,ios,True,iOS,1048.0,1532.0,Female,24,Bachelor,other,False,Black,South Africa,Awe,2.63305,2.6528666666666667,Cl_kXbhTi8k - TcgqDs-95Uw,3.865483333333333,TRUE,FALSE,TRUE,TRUE,FALSE,TRUE,FALSE,FALSE,TRUE,FALSE,TRUE,FALSE,TRUE,TRUE,TRUE,TRUE,FALSE,TRUE,FALSE,FALSE,FALSE,1.8025833333333334,2.0,3.0,1.0,3.0,4.0,3.0,3.0,4.0,4.0,4.0,3.0,1.0,3.0,3.0,4.0,1.0,3.0,3.0,2.0,3.0,3.0,4.0,3.0,1.7471666666666665,0.93,0.78,0.98,0.99,0.86,0.83,1,0.89,0.5,0.95,0.79,0.86,0.5,0.39,1,0.89,0.96,1,0.86,0.98,0.97,0.83,1.6673499999999999,2.0,2.0,3.0,4.0,1.0,4.0,2.0,3.0,3.0,4.0,5.845716666666666,4.0,5.0,5.0,3.0,5.0,5.0,5.0,5.0,5.0,6.0,7.0,7.0,7.0,7.0,7.0,5.0,7.0,7.0,5.0,4.0,5.0,7.0,5.0,5.0,5.0,5.0,5.0,3.0,3.0,3.0,3.0,2.3409833333333334,4.0,4.0,4.0,3.0,2.0,3.0,4.0,2.0,4.0,4.0,4.0,3.0,4.0,4.0,2.0,4.0,Genetics and biochemistry
z9953ppbsu,44.22048333333333,2024-07-02 23:53:13.540104+00:00,03/07/2024,00:09:20,chrome,False,Windows 10,1536.0,695.0,Male,41,Bachelor,"Business, Economics",False,Black,united kingdom,Awe,3.442466666666667,4.799433333333334,TcgqDs-95Uw - Cl_kXbhTi8k,4.236233333333334,TRUE,FALSE,TRUE,FALSE,TRUE,TRUE,FALSE,FALSE,TRUE,FALSE,TRUE,FALSE,FALSE,TRUE,FALSE,TRUE,TRUE,FALSE,FALSE,TRUE,FALSE,11.592283333333334,2.0,2.0,2.0,1.0,2.0,1.0,1.0,1.0,2.0,3.0,1.0,2.0,3.0,1.0,1.0,1.0,2.0,1.0,2.0,1.0,1.0,2.0,1.0,4.102840000001589,0.93,0.66,0.88,1,0.41,0.67,1,0.81,1,0.82,0.91,0.89,0.74,0.35,1,0.94,1,1,0.66,1,1,0.79,2.125966666666667,2.0,1.0,2.0,1.0,1.0,2.0,2.0,1.0,1.0,2.0,8.579683333333332,4.0,3.0,2.0,6.0,5.0,4.0,3.0,3.0,1.0,3.0,4.0,5.0,6.0,4.0,5.0,5.0,3.0,5.0,4.0,4.0,4.0,5.0,4.0,4.0,5.0,4.0,7.0,5.0,3.0,4.0,4.0,3.0103333333333335,4.0,4.0,4.0,3.0,3.0,4.0,3.0,2.0,3.0,4.0,4.0,4.0,3.0,3.0,4.0,3.0,
e7vkqahu8m,42.831649999999996,2024-07-02 23:51:29.248197+00:00,03/07/2024,01:08:33,chrome,False,Windows 10,1366.0,607.0,Female,30,Bachelor,"Engineering, Computer Science",False,Black,South Africa,Awe,8.0602,3.4305666666666665,Cl_kXbhTi8k - TcgqDs-95Uw,3.304483333333333,TRUE,FALSE,TRUE,FALSE,TRUE,TRUE,FALSE,FALSE,TRUE,FALSE,TRUE,FALSE,FALSE,TRUE,FALSE,TRUE,FALSE,FALSE,TRUE,TRUE,FALSE,3.9385333333333334,2.0,2.0,2.0,1.0,2.0,2.0,2.0,1.0,2.0,1.0,1.0,1.0,2.0,2.0,3.0,1.0,2.0,1.0,2.0,2.0,1.0,1.0,1.0,7.122026666667065,0.78,0.69,0.78,0.88,1,0.64,0.94,0.94,0.87,0.65,0.58,0.74,0.94,0.95,0.86,0.33,0.93,0.9,0.21,0.96,0.92,0.67,1.4599666666666666,2.0,2.0,1.0,1.0,1.0,2.0,2.0,2.0,1.0,1.0,8.03405,5.0,5.0,6.0,6.0,5.0,1.0,1.0,1.0,1.0,5.0,5.0,3.0,3.0,3.0,3.0,6.0,7.0,7.0,7.0,4.0,7.0,1.0,1.0,1.0,1.0,5.0,3.0,3.0,2.0,3.0,5.0,4.0293,4.0,4.0,4.0,3.0,3.0,3.0,4.0,3.0,4.0,4.0,2.0,4.0,4.0,3.0,2.0,3.0,
gmzwa91bqs,37.01115,2024-07-02 23:41:26.480542+00:00,03/07/2024,01:04:10,safari,False,Mac OS,1440.0,820.0,Male,27,Master,other,True,Black,South Africa,Awe,6.788733333333334,3.15455,Cl_kXbhTi8k - TcgqDs-95Uw,3.41955,TRUE,FALSE,TRUE,TRUE,TRUE,TRUE,FALSE,FALSE,TRUE,FALSE,TRUE,FALSE,TRUE,TRUE,FALSE,TRUE,FALSE,FALSE,FALSE,TRUE,FALSE,5.1673,3.0,4.0,2.0,4.0,4.0,2.0,3.0,3.0,4.0,3.0,1.0,1.0,3.0,3.0,2.0,1.0,2.0,2.0,4.0,4.0,3.0,2.0,1.0,5.3318,1,0,1,1,1,0.81,0.87,0.9,1,0.45,1,1,1,0,1,0.68,1,0.78,0.81,1,1,1,1.7200833333333334,3.0,4.0,3.0,1.0,1.0,2.0,2.0,1.0,3.0,2.0,5.86335,5.0,5.0,5.0,6.0,6.0,7.0,7.0,6.0,5.0,5.0,4.0,5.0,4.0,4.0,3.0,6.0,7.0,6.0,4.0,4.0,6.0,7.0,5.0,4.0,3.0,6.0,1.0,5.0,1.0,1.0,6.0,2.841333333333333,4.0,4.0,2.0,3.0,3.0,4.0,3.0,4.0,2.0,4.0,3.0,4.0,3.0,2.0,1.0,1.0,Biotechnology
etlxa67nvu,30.662683333333334,2024-07-02 23:38:43.592650+00:00,03/07/2024,00:07:59,chrome,False,Mac OS,1440.0,703.0,Female,28,Bachelor,Arts and Humanities,False,White,Portugal,Awe,3.06795,5.8094833333333336,TcgqDs-95Uw - Cl_kXbhTi8k,2.47665,FALSE,FALSE,TRUE,TRUE,TRUE,FALSE,FALSE,FALSE,FALSE,FALSE,TRUE,FALSE,TRUE,FALSE,TRUE,FALSE,FALSE,FALSE,TRUE,TRUE,FALSE,3.0049833333333336,2.0,1.0,3.0,1.0,1.0,2.0,4.0,1.0,1.0,2.0,4.0,1.0,2.0,1.0,2.0,1.0,2.0,3.0,3.0,4.0,3.0,4.0,2.0,3.5476316666672627,0.36,0.09,0.96,0.81,0.91,0.09,0.93,0.35,0.36,0.82,1,0.84,1,0.4,0.91,0.75,0.93,1,0.92,0.69,0.1,0,1.1582833333333333,1.0,4.0,2.0,4.0,1.0,2.0,2.0,1.0,3.0,4.0,6.074633333333334,7.0,7.0,7.0,7.0,7.0,4.0,5.0,5.0,5.0,7.0,7.0,7.0,7.0,3.0,6.0,7.0,7.0,7.0,7.0,4.0,7.0,4.0,5.0,1.0,4.0,1.0,1.0,1.0,1.0,1.0,4.0,3.747716666666667,4.0,1.0,3.0,3.0,3.0,2.0,3.0,4.0,2.0,4.0,3.0,1.0,1.0,4.0,3.0,4.0,
rjte83qduw,30.032883333333334,2024-07-02 23:38:11.421608+00:00,02/07/2024,17:08:04,chrome,False,Windows 10,1366.0,607.0,Male,37,Bachelor,"Engineering, Computer Science",False,Hispanic/Latino,Mexico,Awe,5.9017,3.1379333333333337,Cl_kXbhTi8k - TcgqDs-95Uw,2.13065,TRUE,TRUE,TRUE,FALSE,FALSE,TRUE,FALSE,FALSE,FALSE,TRUE,FALSE,FALSE,FALSE,TRUE,FALSE,TRUE,FALSE,FALSE,FALSE,FALSE,FALSE,4.0104500000000005,2.0,3.0,3.0,3.0,1.0,2.0,3.0,1.0,2.0,4.0,2.0,1.0,3.0,2.0,1.0,1.0,2.0,2.0,1.0,2.0,2.0,1.0,2.0,2.672981666666766,0.27,0.11,0.89,0.56,0.71,0,0.9,0.81,0.26,0.58,0.9,0.58,0.78,0,0.72,0,0.92,0.72,0.74,0.73,0.11,0,1.4905833333333334,2.0,1.0,2.0,2.0,1.0,3.0,1.0,4.0,1.0,1.0,4.2293,2.0,5.0,2.0,5.0,6.0,2.0,2.0,2.0,3.0,5.0,2.0,4.0,3.0,5.0,3.0,5.0,5.0,4.0,6.0,4.0,7.0,1.0,1.0,2.0,1.0,2.0,6.0,2.0,6.0,2.0,5.0,2.44645,4.0,2.0,2.0,3.0,2.0,3.0,4.0,2.0,2.0,4.0,3.0,1.0,2.0,2.0,2.0,2.0,
qpv0ubrvfn,17.514033333333334,2024-07-02 23:38:00.092921+00:00,03/07/2024,01:20:22,chrome,False,Windows 10,1920.0,953.0,Male,18,High school,,True,Mixed,south africa,Awe,2.5912833333333336,6.5629,TcgqDs-95Uw - Cl_kXbhTi8k,1.4004333333333332,TRUE,FALSE,TRUE,TRUE,FALSE,TRUE,TRUE,FALSE,TRUE,FALSE,FALSE,TRUE,TRUE,TRUE,TRUE,FALSE,TRUE,FALSE,TRUE,TRUE,TRUE,1.4480166666666667,2.0,3.0,3.0,4.0,4.0,4.0,3.0,2.0,4.0,4.0,2.0,1.0,3.0,3.0,3.0,4.0,2.0,3.0,2.0,4.0,2.0,3.0,3.0,1.2025316666642825,0.7,0.67,0.81,0.6,0.7,0.66,0.7,0.24,0.61,0.67,1,0.4,0.6,0.69,0.75,0.16,0.77,0.82,0.72,0.94,0.79,0.66,0.57865,4.0,3.0,4.0,2.0,1.0,3.0,4.0,4.0,3.0,2.0,1.9406833333333333,6.0,7.0,6.0,7.0,7.0,6.0,3.0,1.0,3.0,5.0,2.0,2.0,3.0,4.0,4.0,5.0,6.0,4.0,7.0,4.0,6.0,2.0,5.0,2.0,6.0,3.0,3.0,6.0,4.0,3.0,5.0,0.8283166666666666,4.0,3.0,3.0,3.0,2.0,3.0,4.0,2.0,2.0,3.0,3.0,3.0,2.0,3.0,3.0,2.0,
4vboeu3lsk,25.922616666666666,2024-07-02 23:37:51.076777+00:00,02/07/2024,17:11:54,chrome,False,Windows 10,1366.0,633.0,Female,23,Master,"Engineering, Computer Science",False,Hispanic/Latino,mexico,Awe,5.026766666666666,2.5593500000000002,Cl_kXbhTi8k - TcgqDs-95Uw,2.7867333333333333,TRUE,FALSE,TRUE,TRUE,TRUE,TRUE,FALSE,FALSE,TRUE,FALSE,TRUE,FALSE,FALSE,TRUE,FALSE,TRUE,FALSE,FALSE,TRUE,FALSE,FALSE,3.8657,2.0,1.0,2.0,2.0,3.0,2.0,2.0,1.0,3.0,3.0,3.0,2.0,2.0,2.0,2.0,1.0,2.0,1.0,2.0,2.0,1.0,1.0,2.0,3.657003333333135,0.98,0.82,0.98,1,1,0.83,0.85,0.96,0.95,0.76,1,0.95,0.96,0.54,0.98,0.96,1,0.82,0.95,0.96,0.95,0.75,1.1029333333333333,3.0,1.0,3.0,2.0,2.0,3.0,2.0,2.0,1.0,2.0,3.5343166666666668,5.0,5.0,5.0,6.0,4.0,5.0,3.0,3.0,6.0,5.0,4.0,4.0,3.0,3.0,5.0,3.0,5.0,5.0,4.0,4.0,6.0,3.0,5.0,3.0,5.0,5.0,5.0,5.0,4.0,5.0,5.0,1.3606,4.0,4.0,3.0,3.0,3.0,2.0,2.0,2.0,3.0,3.0,3.0,1.0,3.0,3.0,3.0,2.0,
c6rtk8hl05,30.518250000000002,2024-07-02 23:37:25.610793+00:00,03/07/2024,01:13:48,edge-chromium,False,Windows 10,1528.0,742.0,Female,30,Bachelor,other,True,Black,south africa,Awe,3.3419166666666666,5.824700000000001,TcgqDs-95Uw - Cl_kXbhTi8k,2.2434166666666666,TRUE,FALSE,TRUE,TRUE,FALSE,TRUE,FALSE,FALSE,TRUE,FALSE,TRUE,FALSE,TRUE,TRUE,TRUE,TRUE,FALSE,TRUE,TRUE,TRUE,FALSE,2.6054833333333334,3.0,2.0,3.0,3.0,3.0,3.0,3.0,2.0,2.0,3.0,1.0,1.0,4.0,3.0,4.0,1.0,3.0,2.0,3.0,2.0,3.0,1.0,2.0,5.488145000004768,0.96,0.62,0.89,0.89,0.58,0.74,1,0.34,1,0.94,0.92,0.69,0.92,0.02,0.69,0.1,0.2,0.57,0.5,0.74,0.91,0.16,1.7473999999999998,2.0,3.0,3.0,1.0,1.0,3.0,3.0,3.0,3.0,1.0,4.464883333333333,4.0,3.0,5.0,4.0,4.0,5.0,3.0,4.0,4.0,5.0,6.0,6.0,6.0,4.0,4.0,6.0,6.0,6.0,5.0,4.0,4.0,2.0,1.0,4.0,1.0,4.0,4.0,5.0,4.0,5.0,4.0,2.0929333333333333,2.0,3.0,2.0,3.0,3.0,3.0,4.0,3.0,3.0,4.0,3.0,3.0,3.0,3.0,3.0,2.0,child and youth development
95zmy8j1p4,25.876783333333332,2024-07-02 23:36:27.441259+00:00,02/07/2024,17:10:31,chrome,False,Windows 10,1366.0,657.0,Male,33,Bachelor,"Business, Economics",False,Hispanic/Latino,MEXICO,Awe,6.989416666666667,4.2449666666666666,Cl_kXbhTi8k - TcgqDs-95Uw,2.267866666666667,TRUE,TRUE,TRUE,TRUE,FALSE,TRUE,TRUE,FALSE,FALSE,FALSE,TRUE,TRUE,TRUE,TRUE,TRUE,TRUE,TRUE,TRUE,TRUE,TRUE,TRUE,2.2742666666666667,3.0,2.0,4.0,2.0,3.0,4.0,4.0,2.0,2.0,2.0,3.0,3.0,3.0,3.0,4.0,1.0,3.0,4.0,3.0,3.0,3.0,4.0,4.0,2.3321516666666913,1,0.5,1,1,0.59,0.67,0.56,1,0,0.72,1,0.78,1,1,1,1,1,0.4,0.5,0.7,1,0.91,0.83985,3.0,2.0,3.0,3.0,2.0,4.0,4.0,4.0,3.0,4.0,5.057933333333334,5.0,5.0,7.0,6.0,6.0,4.0,5.0,7.0,6.0,6.0,7.0,7.0,4.0,7.0,6.0,6.0,5.0,6.0,6.0,4.0,4.0,3.0,7.0,4.0,7.0,7.0,7.0,7.0,7.0,7.0,7.0,1.0008333333333332,4.0,4.0,3.0,3.0,4.0,4.0,2.0,1.0,1.0,4.0,4.0,4.0,4.0,3.0,3.0,3.0,
ehr3yr9gsn,21.316483333333334,2024-07-02 23:35:49.046913+00:00,03/07/2024,00:14:27,chrome,False,Windows 10,1920.0,911.0,Male,26,Bachelor,"Engineering, Computer Science",False,White,Portugal,Awe,3.3905833333333333,3.6762666666666663,Cl_kXbhTi8k - TcgqDs-95Uw,1.9761,TRUE,FALSE,TRUE,TRUE,TRUE,TRUE,FALSE,FALSE,FALSE,TRUE,TRUE,FALSE,FALSE,TRUE,FALSE,TRUE,FALSE,FALSE,FALSE,TRUE,FALSE,2.7567333333333335,1.0,1.0,2.0,1.0,1.0,2.0,2.0,1.0,1.0,2.0,1.0,1.0,3.0,1.0,1.0,1.0,2.0,2.0,3.0,1.0,1.0,1.0,1.0,2.7490116666666697,1,1,0.89,0.78,0.92,0.86,0.33,1,1,0.85,0.93,0.69,1,0.09,1,0.71,0.82,1,0.9,0.69,1,0.79,1.2747166666666667,1.0,2.0,3.0,1.0,1.0,2.0,1.0,2.0,2.0,1.0,3.1300166666666667,4.0,4.0,3.0,5.0,2.0,1.0,4.0,2.0,2.0,3.0,3.0,2.0,2.0,2.0,2.0,5.0,6.0,4.0,5.0,4.0,5.0,1.0,1.0,1.0,1.0,1.0,1.0,5.0,4.0,5.0,6.0,1.5069166666666667,4.0,4.0,3.0,3.0,4.0,4.0,4.0,2.0,3.0,3.0,2.0,3.0,1.0,3.0,3.0,2.0,
pqkj1v5oa4,23.124383333333334,2024-07-02 23:33:51.122818+00:00,02/07/2024,17:10:40,chrome,False,Mac OS,1353.0,883.0,Male,26,Bachelor,"Literature, Languages",True,Hispanic/Latino,Mexico,Awe,4.248466666666666,6.269516666666666,TcgqDs-95Uw - Cl_kXbhTi8k,0.8443666666666666,TRUE,FALSE,TRUE,FALSE,TRUE,TRUE,FALSE,FALSE,TRUE,FALSE,TRUE,FALSE,FALSE,TRUE,FALSE,TRUE,FALSE,FALSE,FALSE,TRUE,FALSE,2.3708,2.0,2.0,3.0,2.0,2.0,2.0,3.0,2.0,1.0,2.0,2.0,1.0,3.0,2.0,2.0,1.0,2.0,2.0,1.0,2.0,2.0,2.0,1.0,3.4786550000001983,0.67,0.5,0.84,0.7,0.69,0.69,0.92,0.5,0.73,0.7,0.96,1,0.96,0.5,0.92,0.65,1,0.62,0.25,0.95,0.8,0.69,0.5613666666666667,2.0,2.0,2.0,3.0,1.0,3.0,2.0,2.0,2.0,2.0,1.3742666666666667,3.0,2.0,4.0,4.0,6.0,2.0,1.0,1.0,1.0,5.0,5.0,4.0,4.0,5.0,4.0,5.0,5.0,6.0,6.0,4.0,7.0,5.0,5.0,4.0,4.0,3.0,4.0,2.0,1.0,2.0,3.0,1.3904,4.0,4.0,3.0,3.0,3.0,3.0,4.0,4.0,3.0,4.0,3.0,3.0,1.0,3.0,3.0,4.0,
e9wsqbcd9s,26.202533333333335,2024-07-02 23:33:28.429166+00:00,02/07/2024,17:07:12,chrome,True,Android OS,1080.0,2062.0,Female,26,Bachelor,Arts and Humanities,True,Hispanic/Latino,Mexico ,Awe,5.925116666666667,3.0924166666666664,Cl_kXbhTi8k - TcgqDs-95Uw,3.1656166666666667,TRUE,FALSE,TRUE,TRUE,FALSE,TRUE,TRUE,FALSE,FALSE,FALSE,TRUE,TRUE,TRUE,FALSE,FALSE,FALSE,FALSE,FALSE,TRUE,TRUE,FALSE,3.034266666666667,2.0,2.0,4.0,3.0,1.0,2.0,2.0,2.0,1.0,4.0,3.0,2.0,2.0,3.0,2.0,1.0,2.0,2.0,2.0,2.0,2.0,3.0,2.0,2.610719999999801,0.93,0.86,0.97,1,0.5,0.97,1,1,1,0.91,1,0.74,1,0.69,1,0.86,1,1,0.89,1,1,0.96,0.8165333333333333,1.0,2.0,4.0,3.0,2.0,2.0,2.0,3.0,2.0,3.0,4.01635,4.0,4.0,5.0,5.0,2.0,4.0,2.0,5.0,5.0,4.0,5.0,6.0,5.0,4.0,6.0,5.0,6.0,4.0,6.0,4.0,4.0,3.0,4.0,4.0,4.0,5.0,6.0,6.0,6.0,5.0,5.0,1.4647333333333334,4.0,4.0,4.0,3.0,2.0,3.0,2.0,4.0,3.0,4.0,3.0,3.0,2.0,3.0,4.0,3.0,
ph7wer5kbq,21.562783333333336,2024-07-02 23:30:22.614609+00:00,03/07/2024,01:08:46,firefox,False,Windows 10,1366.0,615.0,Female,31,Bachelor,"History, Archaeology",False,White,Poland,Awe,5.853466666666667,3.1031166666666667,Cl_kXbhTi8k - TcgqDs-95Uw,1.63095,TRUE,FALSE,TRUE,TRUE,TRUE,TRUE,FALSE,FALSE,TRUE,FALSE,FALSE,FALSE,FALSE,TRUE,FALSE,TRUE,FALSE,FALSE,TRUE,TRUE,FALSE,2.1791666666666667,3.0,1.0,2.0,2.0,1.0,3.0,2.0,1.0,1.0,3.0,3.0,2.0,4.0,1.0,3.0,1.0,3.0,4.0,3.0,3.0,2.0,2.0,3.0,2.3941166666666667,0.56,0.51,0.7,0.82,0.76,0.54,0.93,0.87,0.57,0.83,0.82,0.83,0.89,0.69,0.83,0.38,0.86,0.49,0.78,0.69,0.69,0.41,0.7495833333333334,1.0,3.0,3.0,2.0,1.0,4.0,3.0,3.0,3.0,2.0,3.486683333333333,5.0,4.0,5.0,4.0,4.0,5.0,4.0,5.0,4.0,6.0,6.0,6.0,6.0,5.0,5.0,6.0,5.0,5.0,6.0,4.0,7.0,1.0,3.0,1.0,2.0,4.0,6.0,3.0,5.0,3.0,5.0,1.3443666666666667,4.0,3.0,4.0,3.0,3.0,3.0,3.0,3.0,3.0,4.0,2.0,3.0,2.0,3.0,3.0,3.0,
7jplxycwl6,23.298316666666665,2024-07-02 23:29:41.496524+00:00,02/07/2024,16:06:19,chrome,False,Windows 10,1707.0,825.0,Female,29,Bachelor,"Biology, Chemistry, Physics",False,White,Canada,Awe,3.18005,5.880566666666667,TcgqDs-95Uw - Cl_kXbhTi8k,1.9562833333333332,TRUE,FALSE,TRUE,FALSE,FALSE,TRUE,FALSE,FALSE,TRUE,FALSE,TRUE,FALSE,FALSE,TRUE,FALSE,TRUE,FALSE,FALSE,FALSE,TRUE,FALSE,2.1406833333333335,3.0,2.0,2.0,2.0,1.0,2.0,2.0,1.0,2.0,2.0,2.0,1.0,3.0,2.0,2.0,1.0,2.0,3.0,2.0,2.0,2.0,3.0,2.0,2.5590066666642826,0.75,0.78,0.6,0.74,0.31,0.25,0.87,0.5,0.21,0.5,0.5,0.76,0.93,0.1,0.5,0.15,0.6,0.75,0.5,0.81,0.87,0.21,1.4139333333333333,2.0,1.0,2.0,2.0,1.0,2.0,1.0,2.0,1.0,2.0,3.2958333333333334,5.0,5.0,5.0,4.0,5.0,3.0,4.0,4.0,3.0,3.0,6.0,5.0,6.0,4.0,5.0,6.0,4.0,5.0,5.0,4.0,5.0,2.0,3.0,1.0,3.0,5.0,4.0,3.0,2.0,2.0,5.0,1.4275666666666667,3.0,3.0,3.0,3.0,4.0,3.0,3.0,2.0,4.0,4.0,3.0,3.0,2.0,3.0,3.0,3.0,
flmnb4x4dm,21.01885,2024-07-02 23:29:02.363392+00:00,02/07/2024,19:07:56,opera,False,Windows 10,1495.0,715.0,Male,25,Bachelor,other,True,Hispanic/Latino,Chile,Awe,3.133783333333333,5.875,TcgqDs-95Uw - Cl_kXbhTi8k,1.4578833333333334,FALSE,FALSE,FALSE,TRUE,TRUE,FALSE,FALSE,FALSE,FALSE,FALSE,FALSE,FALSE,TRUE,TRUE,TRUE,TRUE,FALSE,FALSE,TRUE,TRUE,FALSE,1.7779333333333334,4.0,3.0,3.0,3.0,2.0,2.0,3.0,2.0,4.0,3.0,4.0,1.0,4.0,2.0,3.0,1.0,4.0,3.0,4.0,3.0,2.0,3.0,4.0,1.7348900000000993,1,1,1,1,0.5,0.64,0.5,1,1,1,0.5,0.68,1,0.56,1,0.79,0.65,0,0.42,0.78,0.34,0.28,0.6647166666666667,3.0,2.0,3.0,4.0,1.0,4.0,2.0,2.0,2.0,2.0,2.3733999999999997,4.0,4.0,5.0,5.0,6.0,5.0,5.0,5.0,5.0,7.0,4.0,3.0,3.0,4.0,3.0,5.0,4.0,5.0,4.0,4.0,5.0,2.0,5.0,3.0,4.0,4.0,5.0,6.0,6.0,4.0,5.0,1.1390166666666666,4.0,4.0,2.0,3.0,3.0,3.0,2.0,3.0,4.0,3.0,4.0,2.0,1.0,3.0,3.0,4.0,Medical Technology
jb1f460mkk,25.57603333333333,2024-07-02 23:28:07.692463+00:00,03/07/2024,01:02:28,safari,False,Mac OS,1324.0,718.0,Female,27,Master,Medicine,False,White,Poland,Awe,4.645733333333334,2.56495,Cl_kXbhTi8k - TcgqDs-95Uw,2.677983333333333,TRUE,FALSE,TRUE,TRUE,FALSE,FALSE,TRUE,FALSE,FALSE,TRUE,TRUE,FALSE,FALSE,TRUE,FALSE,FALSE,FALSE,TRUE,TRUE,FALSE,FALSE,2.953216666666667,2.0,3.0,4.0,3.0,3.0,3.0,2.0,2.0,3.0,4.0,2.0,3.0,3.0,3.0,2.0,1.0,3.0,2.0,3.0,3.0,3.0,2.0,3.0,3.4223000000000012,0.29,0.77,0.33,0.85,0.91,0.83,0.69,0.85,0.91,0.39,0.68,0.78,0.2,0.66,0.74,0.22,0.39,0.77,0.92,0.16,0.29,0.94,1.1557833333333332,2.0,2.0,3.0,2.0,3.0,3.0,3.0,2.0,2.0,2.0,5.26815,7.0,7.0,6.0,6.0,7.0,5.0,4.0,2.0,5.0,5.0,6.0,7.0,7.0,5.0,6.0,6.0,7.0,6.0,7.0,4.0,5.0,6.0,6.0,4.0,6.0,6.0,4.0,4.0,3.0,1.0,4.0,1.4735,4.0,3.0,3.0,3.0,4.0,4.0,3.0,4.0,3.0,4.0,4.0,3.0,3.0,4.0,2.0,2.0,
fmut9vt825,20.439966666666667,2024-07-02 23:28:01.140091+00:00,02/07/2024,16:07:29,opera,False,Windows 10,1482.0,696.0,Male,24,High school,,True,Hispanic/Latino,mexico,Awe,5.735683333333333,2.9466166666666664,Cl_kXbhTi8k - TcgqDs-95Uw,1.5403833333333334,FALSE,FALSE,FALSE,FALSE,TRUE,FALSE,FALSE,FALSE,TRUE,FALSE,TRUE,FALSE,FALSE,TRUE,FALSE,FALSE,FALSE,TRUE,FALSE,TRUE,FALSE,1.9614833333333332,2.0,3.0,1.0,3.0,1.0,3.0,1.0,1.0,3.0,2.0,1.0,1.0,3.0,2.0,3.0,1.0,3.0,2.0,3.0,1.0,1.0,1.0,1.0,1.8366516666666912,0.38,0.21,0.84,0.81,0.32,0.31,0.82,0.68,0.72,0.74,0.59,0.84,0.78,0.21,0.74,0.22,0.81,0.19,0.68,0.89,0.32,0.24,0.9235666666666666,2.0,1.0,1.0,1.0,1.0,4.0,2.0,1.0,1.0,1.0,2.8386,1.0,1.0,2.0,1.0,1.0,1.0,1.0,1.0,1.0,1.0,3.0,3.0,3.0,2.0,4.0,5.0,6.0,6.0,6.0,4.0,4.0,2.0,1.0,1.0,1.0,3.0,4.0,4.0,5.0,5.0,4.0,0.9995999999999999,4.0,3.0,1.0,3.0,4.0,3.0,1.0,2.0,1.0,4.0,2.0,4.0,1.0,4.0,2.0,1.0,
2e7yfc0cju,20.6292,2024-07-02 23:27:56.406178+00:00,02/07/2024,17:07:12,edge-chromium,False,Windows 10,1358.0,646.0,Female,25,Bachelor,Medicine,True,Hispanic/Latino,Mexico,Awe,3.810166666666667,3.8030833333333334,Cl_kXbhTi8k - TcgqDs-95Uw,2.32255,TRUE,FALSE,TRUE,FALSE,TRUE,TRUE,FALSE,FALSE,TRUE,FALSE,TRUE,FALSE,FALSE,TRUE,FALSE,TRUE,FALSE,FALSE,FALSE,TRUE,FALSE,2.7765833333333334,3.0,2.0,3.0,3.0,3.0,1.0,2.0,1.0,2.0,1.0,2.0,3.0,2.0,2.0,2.0,1.0,1.0,3.0,2.0,1.0,2.0,3.0,1.0,2.0002666666666666,0.76,0.66,0.98,1,0.37,0.77,0.75,0.71,0.8,0.85,0.83,0.96,0.84,0.31,0.99,0.37,0.77,0.98,0.63,1,0.85,0.18,0.9098833333333334,2.0,2.0,1.0,2.0,3.0,3.0,2.0,1.0,2.0,3.0,2.5395833333333333,5.0,6.0,5.0,5.0,6.0,5.0,4.0,5.0,5.0,7.0,6.0,6.0,5.0,6.0,5.0,6.0,6.0,7.0,6.0,4.0,4.0,5.0,4.0,4.0,5.0,5.0,4.0,5.0,5.0,5.0,4.0,1.3728,4.0,3.0,3.0,3.0,4.0,2.0,1.0,2.0,3.0,4.0,3.0,1.0,2.0,3.0,3.0,2.0,
j8lwqfkqd4,20.863966666666666,2024-07-02 23:27:14.846540+00:00,03/07/2024,09:07:38,chrome,False,Windows 10,2560.0,1313.0,Male,32,Bachelor,other,False,White,Australia,Awe,8.634416666666668,3.4088166666666666,TcgqDs-95Uw - Cl_kXbhTi8k,1.1822166666666667,TRUE,FALSE,FALSE,FALSE,FALSE,TRUE,FALSE,FALSE,FALSE,FALSE,TRUE,FALSE,FALSE,TRUE,FALSE,TRUE,FALSE,FALSE,FALSE,TRUE,FALSE,1.6291333333333333,2.0,3.0,4.0,4.0,1.0,2.0,2.0,3.0,3.0,2.0,4.0,1.0,2.0,3.0,2.0,1.0,2.0,4.0,4.0,4.0,1.0,4.0,1.0,1.5459916666666667,0.84,1,0.89,0.11,0.73,1,1,0.7,0.93,1,1,0.88,1,0.51,1,0.32,0.36,0.17,0.72,0.27,1,0.73,0.5989666666666668,2.0,2.0,1.0,4.0,1.0,2.0,1.0,2.0,2.0,4.0,1.5412333333333335,2.0,1.0,1.0,1.0,1.0,2.0,1.0,1.0,1.0,2.0,1.0,1.0,1.0,1.0,1.0,1.0,1.0,1.0,1.0,4.0,4.0,1.0,1.0,1.0,1.0,1.0,1.0,2.0,1.0,1.0,1.0,1.3984166666666666,3.0,3.0,2.0,3.0,4.0,3.0,3.0,3.0,2.0,4.0,3.0,2.0,1.0,3.0,3.0,4.0,Games and Interactive Entertaiment
1oshgtpwlu,24.670633333333335,2024-07-02 23:26:54.769450+00:00,02/07/2024,17:02:10,safari,False,Mac OS,1294.0,784.0,Female,25,Bachelor,"Business, Economics",False,Hispanic/Latino,MÃ©xico ,Awe,3.1918166666666665,5.735566666666667,TcgqDs-95Uw - Cl_kXbhTi8k,4.4754,FALSE,TRUE,FALSE,TRUE,FALSE,TRUE,TRUE,FALSE,TRUE,FALSE,TRUE,TRUE,FALSE,TRUE,TRUE,FALSE,FALSE,TRUE,TRUE,FALSE,TRUE,1.4666833333333333,4.0,3.0,4.0,3.0,4.0,4.0,4.0,4.0,4.0,4.0,4.0,1.0,3.0,1.0,4.0,1.0,3.0,4.0,4.0,4.0,4.0,4.0,4.0,3.4683333333333333,0.85,0.41,0.68,0.8,0.4,0.39,1,0.75,0.76,0.61,0.42,0.83,0.87,0.3,1,0.79,0.41,0.89,0.88,0.97,0.97,0,0.5848833333333334,3.0,2.0,3.0,4.0,1.0,4.0,4.0,4.0,2.0,4.0,3.0084666666666666,5.0,7.0,5.0,7.0,7.0,4.0,3.0,4.0,3.0,1.0,6.0,4.0,7.0,4.0,4.0,7.0,6.0,6.0,6.0,4.0,7.0,1.0,2.0,1.0,1.0,4.0,1.0,5.0,5.0,4.0,5.0,1.2666,3.0,1.0,2.0,3.0,1.0,3.0,3.0,4.0,3.0,4.0,4.0,3.0,2.0,1.0,2.0,1.0,
6hojgh0tfd,22.38243333333333,2024-07-02 23:26:48.402522+00:00,03/07/2024,00:04:20,chrome,False,Windows 10,1680.0,889.0,Other,29,Bachelor,"Sociology, Anthropology",False,White,England,Awe,2.986283333333333,5.724483333333334,TcgqDs-95Uw - Cl_kXbhTi8k,2.203216666666667,TRUE,FALSE,TRUE,FALSE,TRUE,TRUE,FALSE,FALSE,FALSE,TRUE,TRUE,FALSE,FALSE,TRUE,FALSE,TRUE,FALSE,FALSE,TRUE,TRUE,FALSE,3.091083333333333,1.0,1.0,2.0,3.0,1.0,1.0,2.0,1.0,2.0,2.0,2.0,2.0,1.0,2.0,2.0,1.0,2.0,1.0,2.0,1.0,2.0,1.0,1.0,2.867496666666617,0.82,0.58,0.18,0.15,1,1,0.79,0.8,1,0.82,0.85,1,1,0.78,1,0.14,0.32,0.73,0.79,0.35,0.31,0.61,0.8085666666666668,2.0,2.0,2.0,2.0,1.0,2.0,1.0,2.0,1.0,2.0,2.7325833333333334,7.0,6.0,6.0,6.0,7.0,4.0,5.0,5.0,5.0,6.0,6.0,5.0,4.0,5.0,5.0,6.0,6.0,5.0,5.0,4.0,5.0,3.0,6.0,2.0,6.0,5.0,2.0,4.0,2.0,5.0,5.0,1.2583833333333334,4.0,3.0,2.0,3.0,3.0,3.0,3.0,4.0,4.0,4.0,4.0,3.0,3.0,2.0,3.0,2.0,
0qlejv22pk,18.202749999999998,2024-07-02 23:25:16.058255+00:00,02/07/2024,17:06:58,chrome,False,Windows 10,1366.0,633.0,Female,24,Bachelor,"Business, Economics",False,Hispanic/Latino,Mexico,Awe,3.5277833333333333,5.844333333333334,TcgqDs-95Uw - Cl_kXbhTi8k,1.1014333333333333,TRUE,FALSE,TRUE,TRUE,TRUE,TRUE,FALSE,FALSE,FALSE,FALSE,TRUE,FALSE,FALSE,TRUE,FALSE,TRUE,FALSE,FALSE,FALSE,TRUE,FALSE,1.87425,2.0,1.0,3.0,4.0,2.0,2.0,2.0,1.0,1.0,3.0,3.0,2.0,2.0,2.0,3.0,1.0,2.0,2.0,2.0,2.0,3.0,3.0,2.0,1.6198649999996027,1,0.72,1,1,1,0.69,1,1,0.82,0.92,1,1,1,0.82,0.5,0.5,1,1,0.82,0.86,0.8,0.5,0.6050166666666666,2.0,2.0,3.0,3.0,2.0,2.0,3.0,2.0,3.0,3.0,1.9069666666666667,6.0,6.0,6.0,6.0,6.0,5.0,5.0,6.0,6.0,5.0,7.0,7.0,7.0,7.0,7.0,7.0,7.0,7.0,7.0,4.0,7.0,5.0,6.0,4.0,5.0,6.0,2.0,2.0,1.0,1.0,6.0,0.8059499999999999,4.0,4.0,3.0,3.0,3.0,3.0,4.0,4.0,3.0,4.0,4.0,3.0,3.0,3.0,4.0,2.0,
0fknmkfdgk,17.651583333333335,2024-07-02 23:24:46.123801+00:00,03/07/2024,01:07:02,chrome,False,Windows 10,1920.0,919.0,Male,22,Bachelor,other,True,White,Poland,Awe,3.2981666666666665,3.2131,TcgqDs-95Uw - Cl_kXbhTi8k,1.9659166666666665,TRUE,FALSE,TRUE,TRUE,TRUE,TRUE,FALSE,FALSE,TRUE,FALSE,TRUE,FALSE,FALSE,TRUE,TRUE,TRUE,FALSE,FALSE,TRUE,TRUE,FALSE,1.6564666666666668,4.0,3.0,3.0,3.0,2.0,2.0,2.0,1.0,2.0,3.0,2.0,1.0,2.0,3.0,3.0,1.0,2.0,2.0,2.0,2.0,2.0,3.0,2.0,1.334268333333296,0.69,0.77,0.79,0.84,0.74,0.67,0.66,0.79,0.85,0.64,0.75,0.91,0.7,0.42,0.65,0.32,0.81,0.77,0.88,0.67,0.79,0.79,0.9470333333333334,2.0,2.0,2.0,2.0,1.0,3.0,3.0,2.0,2.0,2.0,2.1391666666666667,5.0,5.0,5.0,5.0,6.0,4.0,4.0,5.0,5.0,5.0,6.0,6.0,6.0,5.0,5.0,6.0,5.0,5.0,6.0,4.0,5.0,4.0,6.0,5.0,5.0,5.0,3.0,5.0,4.0,5.0,5.0,0.9216166666666666,4.0,4.0,4.0,3.0,3.0,3.0,4.0,4.0,4.0,4.0,4.0,3.0,4.0,3.0,3.0,4.0,Geography
cuzmoa28mp,16.498083333333334,2024-07-02 23:23:44.197659+00:00,02/07/2024,19:07:11,firefox,False,Windows 10,1536.0,703.0,Male,30,Bachelor,"Psychology, Neuroscience",False,Mixed,Chile,Awe,3.163883333333333,2.5814666666666666,Cl_kXbhTi8k - TcgqDs-95Uw,1.4632833333333333,TRUE,TRUE,TRUE,FALSE,TRUE,TRUE,FALSE,FALSE,FALSE,FALSE,TRUE,FALSE,FALSE,TRUE,TRUE,TRUE,FALSE,FALSE,FALSE,TRUE,TRUE,2.3354833333333334,2.0,1.0,1.0,2.0,1.0,2.0,3.0,3.0,2.0,1.0,3.0,1.0,4.0,1.0,1.0,1.0,2.0,2.0,2.0,1.0,2.0,3.0,1.0,1.6907833333333333,0.76,0.63,1,1,0.87,0.7,1,0.87,1,0.99,1,0.89,1,0.11,0.95,0.84,1,0.25,1,1,0.82,1,1.01495,1.0,2.0,2.0,3.0,1.0,2.0,1.0,2.0,2.0,4.0,2.3312833333333334,5.0,5.0,6.0,6.0,6.0,4.0,3.0,4.0,1.0,6.0,4.0,4.0,4.0,3.0,3.0,2.0,1.0,1.0,1.0,4.0,2.0,1.0,1.0,1.0,4.0,7.0,4.0,4.0,4.0,2.0,3.0,0.8791833333333333,3.0,4.0,2.0,3.0,3.0,3.0,3.0,4.0,1.0,4.0,3.0,4.0,2.0,3.0,2.0,3.0,
2q4o5pkcrl,17.48695,2024-07-02 23:23:35.490488+00:00,03/07/2024,00:06:01,chrome,False,Windows 10,1536.0,730.0,Male,22,Bachelor,"Engineering, Computer Science",True,White,Portugal,Awe,3.0889,2.5521666666666665,Cl_kXbhTi8k - TcgqDs-95Uw,3.411016666666667,FALSE,TRUE,FALSE,TRUE,TRUE,FALSE,TRUE,FALSE,FALSE,FALSE,TRUE,FALSE,TRUE,TRUE,TRUE,FALSE,TRUE,TRUE,TRUE,FALSE,TRUE,1.8284833333333335,4.0,3.0,4.0,3.0,2.0,3.0,4.0,1.0,3.0,3.0,3.0,1.0,4.0,4.0,3.0,1.0,3.0,4.0,3.0,2.0,3.0,4.0,4.0,1.622106666666704,0.78,0.64,0.5,0.85,0.62,0.72,0.63,0.59,0.32,0.54,0.88,0.88,0.62,0.09,0.07,0.18,0.8,0.01,0.8,0.86,0.95,0.18,0.6600666666666667,3.0,2.0,2.0,3.0,1.0,4.0,1.0,3.0,3.0,4.0,2.3860333333333332,2.0,5.0,5.0,4.0,5.0,4.0,6.0,5.0,5.0,7.0,5.0,4.0,3.0,1.0,2.0,5.0,5.0,4.0,5.0,4.0,2.0,1.0,1.0,2.0,2.0,1.0,2.0,4.0,3.0,5.0,2.0,1.1378166666666667,3.0,4.0,4.0,3.0,2.0,3.0,3.0,4.0,2.0,4.0,3.0,4.0,1.0,2.0,1.0,1.0,
rhk00ajxah,15.926966666666667,2024-07-02 23:22:12.344189+00:00,03/07/2024,00:06:09,safari,False,Mac OS,1280.0,623.0,Female,34,Bachelor,Arts and Humanities,False,White,uk,Awe,3.051083333333333,5.7424,TcgqDs-95Uw - Cl_kXbhTi8k,0.9746,FALSE,FALSE,FALSE,TRUE,FALSE,FALSE,TRUE,FALSE,FALSE,TRUE,TRUE,TRUE,TRUE,FALSE,TRUE,FALSE,TRUE,TRUE,TRUE,FALSE,TRUE,1.373,4.0,4.0,4.0,3.0,3.0,3.0,2.0,3.0,3.0,3.0,2.0,2.0,4.0,4.0,4.0,1.0,3.0,4.0,4.0,4.0,4.0,4.0,3.0,1.2112666666666672,1,0.85,0.83,0.17,0.19,0.86,0.16,0.66,1,0.76,0.65,0.66,0.27,0.21,0.94,0.12,0.48,0.08,0.06,0.25,1,0,0.4671,4.0,4.0,4.0,3.0,2.0,4.0,4.0,4.0,4.0,3.0,1.6678333333333333,7.0,7.0,7.0,7.0,7.0,7.0,6.0,6.0,6.0,6.0,7.0,5.0,5.0,4.0,4.0,5.0,5.0,5.0,6.0,4.0,7.0,4.0,4.0,4.0,4.0,4.0,5.0,6.0,6.0,6.0,6.0,0.9592666666666666,4.0,4.0,2.0,3.0,3.0,3.0,4.0,4.0,2.0,4.0,2.0,3.0,3.0,2.0,3.0,4.0,
